-- phpMyAdmin SQL Dump
-- version 5.2.1
-- https://www.phpmyadmin.net/
--
-- Servidor: 127.0.0.1
-- Tiempo de generación: 14-12-2025 a las 03:14:57
-- Versión del servidor: 10.4.32-MariaDB
-- Versión de PHP: 8.2.12

SET SQL_MODE = "NO_AUTO_VALUE_ON_ZERO";
START TRANSACTION;
SET time_zone = "+00:00";


/*!40101 SET @OLD_CHARACTER_SET_CLIENT=@@CHARACTER_SET_CLIENT */;
/*!40101 SET @OLD_CHARACTER_SET_RESULTS=@@CHARACTER_SET_RESULTS */;
/*!40101 SET @OLD_COLLATION_CONNECTION=@@COLLATION_CONNECTION */;
/*!40101 SET NAMES utf8mb4 */;

--
-- Base de datos: `bd_hamburguesas`
--
CREATE DATABASE IF NOT EXISTS `bd_hamburguesas` DEFAULT CHARACTER SET utf8mb4 COLLATE utf8mb4_general_ci;
USE `bd_hamburguesas`;

-- --------------------------------------------------------

--
-- Estructura de tabla para la tabla `detalle_venta`
--

CREATE TABLE `detalle_venta` (
  `id_detalle` int(6) NOT NULL,
  `id_venta` int(5) NOT NULL,
  `id_menu` int(5) NOT NULL,
  `cantidad` int(3) UNSIGNED NOT NULL,
  `subtotal` decimal(6,2) UNSIGNED NOT NULL
) ENGINE=InnoDB DEFAULT CHARSET=utf8mb4 COLLATE=utf8mb4_general_ci;

--
-- Volcado de datos para la tabla `detalle_venta`
--

INSERT INTO `detalle_venta` (`id_detalle`, `id_venta`, `id_menu`, `cantidad`, `subtotal`) VALUES
(1, 1, 4, 4, 100.00),
(2, 1, 1, 1, 90.00),
(3, 2, 5, 4, 100.00),
(4, 2, 2, 4, 240.00),
(5, 2, 3, 3, 165.00),
(6, 3, 5, 1, 25.00),
(7, 4, 4, 1, 25.00),
(8, 4, 5, 1, 25.00),
(9, 4, 1, 5, 450.00),
(10, 4, 2, 2, 120.00),
(11, 5, 7, 4, 12.00),
(12, 5, 4, 4, 100.00),
(13, 5, 5, 4, 100.00),
(14, 5, 6, 1, 20.00),
(15, 6, 2, 2, 120.00),
(16, 7, 6, 1, 20.00),
(17, 7, 7, 5, 15.00),
(18, 7, 3, 1, 55.00),
(19, 8, 5, 3, 75.00),
(20, 9, 4, 3, 75.00),
(21, 10, 7, 5, 15.00),
(22, 10, 5, 5, 125.00),
(23, 10, 2, 2, 120.00),
(24, 10, 6, 1, 20.00),
(25, 11, 5, 5, 125.00),
(26, 11, 2, 2, 120.00),
(27, 11, 7, 3, 9.00),
(28, 11, 1, 5, 450.00),
(29, 12, 2, 3, 180.00),
(30, 12, 6, 4, 80.00),
(31, 12, 7, 1, 3.00),
(32, 12, 4, 3, 75.00),
(33, 13, 6, 2, 40.00),
(34, 13, 7, 5, 15.00),
(35, 14, 1, 3, 270.00),
(36, 14, 6, 1, 20.00),
(37, 14, 4, 5, 125.00),
(38, 14, 2, 4, 240.00),
(39, 15, 7, 2, 6.00),
(40, 15, 2, 1, 60.00),
(41, 15, 4, 5, 125.00),
(42, 15, 3, 1, 55.00),
(43, 16, 2, 4, 240.00),
(44, 17, 5, 4, 100.00),
(45, 17, 6, 5, 100.00),
(46, 18, 7, 5, 15.00),
(47, 19, 6, 4, 80.00),
(48, 20, 2, 2, 120.00),
(49, 21, 6, 4, 80.00),
(50, 21, 3, 4, 220.00),
(51, 21, 2, 1, 60.00),
(52, 22, 6, 2, 40.00),
(53, 22, 4, 3, 75.00),
(54, 22, 2, 1, 60.00),
(55, 22, 1, 2, 180.00),
(56, 23, 1, 1, 90.00),
(57, 23, 4, 4, 100.00),
(58, 23, 7, 2, 6.00),
(59, 23, 6, 1, 20.00),
(60, 24, 6, 4, 80.00),
(61, 24, 7, 2, 6.00),
(62, 24, 1, 3, 270.00),
(63, 25, 7, 3, 9.00),
(64, 25, 6, 5, 100.00),
(65, 25, 1, 5, 450.00),
(66, 25, 2, 3, 180.00),
(67, 26, 6, 3, 60.00),
(68, 26, 7, 4, 12.00),
(69, 26, 4, 1, 25.00),
(70, 26, 1, 4, 360.00),
(71, 27, 5, 1, 25.00),
(72, 27, 7, 2, 6.00),
(73, 27, 4, 2, 50.00),
(74, 28, 3, 3, 165.00),
(75, 28, 6, 3, 60.00),
(76, 29, 1, 5, 450.00),
(77, 30, 6, 3, 60.00),
(78, 31, 5, 4, 100.00),
(79, 31, 7, 5, 15.00),
(80, 31, 4, 4, 100.00),
(81, 32, 4, 2, 50.00),
(82, 32, 2, 1, 60.00),
(83, 32, 6, 1, 20.00),
(84, 33, 7, 2, 6.00),
(85, 33, 1, 3, 270.00),
(86, 34, 2, 3, 180.00),
(87, 34, 1, 3, 270.00),
(88, 35, 5, 4, 100.00),
(89, 36, 6, 2, 40.00),
(90, 36, 7, 2, 6.00),
(91, 36, 1, 4, 360.00),
(92, 37, 1, 3, 270.00),
(93, 37, 4, 2, 50.00),
(94, 37, 5, 5, 125.00),
(95, 37, 2, 1, 60.00),
(96, 38, 5, 2, 50.00),
(97, 38, 3, 5, 275.00),
(98, 38, 4, 5, 125.00),
(99, 38, 7, 1, 3.00),
(100, 39, 6, 3, 60.00),
(101, 40, 7, 5, 15.00),
(102, 41, 5, 5, 125.00),
(103, 41, 2, 2, 120.00),
(104, 41, 3, 1, 55.00),
(105, 41, 4, 2, 50.00),
(106, 42, 4, 2, 50.00),
(107, 43, 2, 1, 60.00),
(108, 43, 6, 3, 60.00),
(109, 43, 7, 5, 15.00),
(110, 43, 1, 1, 90.00),
(111, 44, 5, 3, 75.00),
(112, 44, 6, 3, 60.00),
(113, 45, 7, 1, 3.00),
(114, 45, 2, 1, 60.00),
(115, 45, 5, 1, 25.00),
(116, 46, 3, 3, 165.00),
(117, 47, 2, 1, 60.00),
(118, 47, 7, 4, 12.00),
(119, 47, 3, 5, 275.00),
(120, 48, 4, 3, 75.00),
(121, 48, 1, 5, 450.00),
(122, 49, 1, 5, 450.00),
(123, 49, 6, 1, 20.00),
(124, 49, 4, 2, 50.00),
(125, 49, 3, 2, 110.00),
(126, 50, 2, 4, 240.00),
(127, 51, 7, 3, 9.00),
(128, 51, 4, 2, 50.00),
(129, 51, 6, 5, 100.00),
(130, 52, 5, 2, 50.00),
(131, 52, 6, 3, 60.00),
(132, 52, 7, 3, 9.00),
(133, 52, 1, 1, 90.00),
(134, 53, 3, 2, 110.00),
(135, 53, 5, 1, 25.00),
(136, 53, 1, 2, 180.00),
(137, 54, 4, 4, 100.00),
(138, 54, 5, 3, 75.00),
(139, 55, 4, 3, 75.00),
(140, 56, 5, 2, 50.00),
(141, 56, 6, 2, 40.00),
(142, 56, 1, 2, 180.00),
(143, 57, 3, 5, 275.00),
(144, 58, 4, 3, 75.00),
(145, 58, 2, 1, 60.00),
(146, 58, 1, 5, 450.00),
(147, 59, 3, 3, 165.00),
(148, 60, 1, 2, 180.00),
(149, 60, 6, 5, 100.00),
(150, 60, 3, 3, 165.00),
(151, 61, 2, 1, 60.00),
(152, 61, 5, 3, 75.00),
(153, 62, 2, 5, 300.00),
(154, 62, 3, 3, 165.00),
(155, 62, 1, 4, 360.00),
(156, 63, 1, 4, 360.00),
(157, 63, 3, 2, 110.00),
(158, 63, 6, 4, 80.00),
(159, 63, 7, 1, 3.00),
(160, 64, 4, 5, 125.00),
(161, 64, 1, 3, 270.00),
(162, 64, 7, 1, 3.00),
(163, 64, 5, 5, 125.00),
(164, 65, 4, 1, 25.00),
(165, 65, 2, 2, 120.00),
(166, 65, 6, 3, 60.00),
(167, 65, 5, 5, 125.00),
(168, 66, 6, 5, 100.00),
(169, 66, 3, 4, 220.00),
(170, 67, 3, 3, 165.00),
(171, 68, 2, 5, 300.00),
(172, 68, 6, 2, 40.00),
(173, 69, 6, 1, 20.00),
(174, 69, 5, 4, 100.00),
(175, 69, 1, 5, 450.00),
(176, 69, 7, 3, 9.00),
(177, 70, 7, 5, 15.00),
(178, 71, 3, 3, 165.00),
(179, 71, 5, 1, 25.00),
(180, 71, 2, 3, 180.00),
(181, 71, 6, 5, 100.00),
(182, 72, 4, 5, 125.00),
(183, 72, 7, 1, 3.00),
(184, 73, 3, 3, 165.00),
(185, 74, 3, 1, 55.00),
(186, 74, 2, 4, 240.00),
(187, 74, 5, 3, 75.00),
(188, 74, 6, 2, 40.00),
(189, 75, 5, 1, 25.00),
(190, 75, 6, 5, 100.00),
(191, 75, 4, 4, 100.00),
(192, 75, 2, 3, 180.00),
(193, 76, 1, 4, 360.00),
(194, 76, 7, 5, 15.00),
(195, 76, 4, 1, 25.00),
(196, 76, 2, 4, 240.00),
(197, 77, 3, 2, 110.00),
(198, 78, 1, 5, 450.00),
(199, 78, 6, 3, 60.00),
(200, 79, 7, 5, 15.00),
(201, 79, 1, 4, 360.00),
(202, 79, 5, 1, 25.00),
(203, 79, 2, 3, 180.00),
(204, 80, 5, 4, 100.00),
(205, 80, 4, 2, 50.00),
(206, 81, 3, 1, 55.00),
(207, 81, 6, 3, 60.00),
(208, 81, 7, 5, 15.00),
(209, 82, 6, 3, 60.00),
(210, 82, 7, 4, 12.00),
(211, 82, 3, 3, 165.00),
(212, 82, 2, 2, 120.00),
(213, 83, 5, 1, 25.00),
(214, 83, 6, 4, 80.00),
(215, 83, 1, 5, 450.00),
(216, 84, 4, 1, 25.00),
(217, 84, 2, 1, 60.00),
(218, 85, 2, 2, 120.00),
(219, 86, 5, 1, 25.00),
(220, 86, 2, 3, 180.00),
(221, 86, 3, 2, 110.00),
(222, 87, 1, 1, 90.00),
(223, 87, 4, 5, 125.00),
(224, 87, 3, 4, 220.00),
(225, 88, 5, 1, 25.00),
(226, 88, 2, 1, 60.00),
(227, 88, 3, 2, 110.00),
(228, 89, 7, 4, 12.00),
(229, 90, 1, 5, 450.00),
(230, 90, 4, 2, 50.00),
(231, 91, 3, 1, 55.00),
(232, 91, 7, 3, 9.00),
(233, 91, 1, 1, 90.00),
(234, 91, 2, 5, 300.00),
(235, 92, 2, 2, 120.00),
(236, 92, 7, 1, 3.00),
(237, 93, 3, 4, 220.00),
(238, 93, 2, 4, 240.00),
(239, 93, 7, 1, 3.00),
(240, 93, 1, 4, 360.00),
(241, 94, 2, 2, 120.00),
(242, 95, 4, 1, 25.00),
(243, 96, 6, 2, 40.00),
(244, 97, 7, 4, 12.00),
(245, 97, 3, 4, 220.00),
(246, 97, 5, 4, 100.00),
(247, 97, 1, 2, 180.00),
(248, 98, 7, 4, 12.00),
(249, 98, 2, 2, 120.00),
(250, 99, 6, 2, 40.00),
(251, 100, 1, 4, 360.00),
(252, 100, 6, 2, 40.00),
(253, 100, 2, 2, 120.00),
(254, 100, 4, 1, 25.00),
(255, 101, 2, 2, 120.00),
(256, 101, 1, 1, 90.00),
(257, 101, 6, 2, 40.00),
(258, 102, 6, 4, 80.00),
(259, 102, 2, 1, 60.00),
(260, 103, 2, 3, 180.00),
(261, 103, 5, 5, 125.00),
(262, 103, 1, 5, 450.00),
(263, 104, 6, 1, 20.00),
(264, 104, 3, 2, 110.00),
(265, 104, 4, 5, 125.00),
(266, 105, 5, 3, 75.00),
(267, 106, 2, 4, 240.00),
(268, 106, 5, 2, 50.00),
(269, 106, 3, 2, 110.00),
(270, 107, 4, 4, 100.00),
(271, 107, 1, 5, 450.00),
(272, 108, 5, 4, 100.00),
(273, 108, 4, 1, 25.00),
(274, 108, 1, 1, 90.00),
(275, 109, 5, 2, 50.00),
(276, 109, 6, 1, 20.00),
(277, 109, 2, 2, 120.00),
(278, 110, 7, 1, 3.00),
(279, 111, 3, 2, 110.00),
(280, 111, 4, 2, 50.00),
(281, 111, 6, 5, 100.00),
(282, 111, 5, 1, 25.00),
(283, 112, 1, 1, 90.00),
(284, 112, 5, 1, 25.00),
(285, 112, 4, 3, 75.00),
(286, 112, 2, 1, 60.00),
(287, 113, 1, 4, 360.00),
(288, 113, 5, 2, 50.00),
(289, 113, 7, 4, 12.00),
(290, 113, 6, 5, 100.00),
(291, 114, 4, 4, 100.00),
(292, 115, 3, 4, 220.00),
(293, 116, 1, 3, 270.00),
(294, 116, 6, 4, 80.00),
(295, 116, 2, 1, 60.00),
(296, 117, 5, 3, 75.00),
(297, 117, 2, 2, 120.00),
(298, 117, 3, 4, 220.00),
(299, 117, 7, 1, 3.00),
(300, 118, 1, 5, 450.00),
(301, 119, 6, 1, 20.00),
(302, 120, 5, 4, 100.00),
(303, 121, 2, 2, 120.00),
(304, 121, 6, 2, 40.00),
(305, 121, 1, 4, 360.00),
(306, 121, 5, 2, 50.00),
(307, 122, 5, 1, 25.00),
(308, 123, 6, 3, 60.00),
(309, 123, 4, 3, 75.00),
(310, 123, 2, 5, 300.00),
(311, 123, 7, 4, 12.00),
(312, 124, 4, 1, 25.00),
(313, 124, 7, 2, 6.00),
(314, 124, 3, 2, 110.00),
(315, 125, 1, 1, 90.00),
(316, 125, 3, 5, 275.00),
(317, 125, 2, 1, 60.00),
(318, 125, 7, 1, 3.00),
(319, 126, 4, 2, 50.00),
(320, 126, 3, 2, 110.00),
(321, 127, 2, 2, 120.00),
(322, 127, 4, 2, 50.00),
(323, 128, 7, 1, 3.00),
(324, 128, 1, 4, 360.00),
(325, 128, 6, 1, 20.00),
(326, 129, 5, 2, 50.00),
(327, 129, 7, 2, 6.00),
(328, 129, 2, 4, 240.00),
(329, 129, 1, 1, 90.00),
(330, 130, 2, 5, 300.00),
(331, 130, 6, 4, 80.00),
(332, 130, 3, 2, 110.00),
(333, 130, 1, 2, 180.00),
(334, 131, 6, 4, 80.00),
(335, 131, 1, 1, 90.00),
(336, 132, 6, 4, 80.00),
(337, 132, 5, 3, 75.00),
(338, 132, 4, 4, 100.00),
(339, 133, 5, 2, 50.00),
(340, 133, 3, 5, 275.00),
(341, 133, 1, 2, 180.00),
(342, 133, 4, 3, 75.00),
(343, 134, 5, 1, 25.00),
(344, 134, 2, 4, 240.00),
(345, 135, 1, 5, 450.00),
(346, 135, 6, 1, 20.00),
(347, 135, 7, 2, 6.00),
(348, 136, 2, 1, 60.00),
(349, 136, 3, 3, 165.00),
(350, 136, 6, 4, 80.00),
(351, 137, 5, 5, 125.00),
(352, 137, 3, 4, 220.00),
(353, 137, 6, 5, 100.00),
(354, 138, 1, 2, 180.00),
(355, 138, 6, 2, 40.00),
(356, 139, 6, 2, 40.00),
(357, 139, 4, 1, 25.00),
(358, 139, 2, 3, 180.00),
(359, 140, 2, 5, 300.00),
(360, 141, 3, 1, 55.00),
(361, 141, 6, 2, 40.00),
(362, 141, 1, 5, 450.00),
(363, 141, 2, 5, 300.00),
(364, 142, 6, 3, 60.00),
(365, 143, 6, 1, 20.00),
(366, 143, 7, 1, 3.00),
(367, 143, 4, 3, 75.00),
(368, 143, 3, 1, 55.00),
(369, 144, 3, 2, 110.00),
(370, 144, 4, 1, 25.00),
(371, 144, 6, 5, 100.00),
(372, 145, 7, 3, 9.00),
(373, 145, 1, 2, 180.00),
(374, 146, 6, 5, 100.00),
(375, 146, 4, 5, 125.00),
(376, 146, 2, 4, 240.00),
(377, 146, 3, 2, 110.00),
(378, 147, 4, 2, 50.00),
(379, 147, 2, 3, 180.00),
(380, 147, 6, 3, 60.00),
(381, 147, 3, 3, 165.00),
(382, 148, 5, 4, 100.00),
(383, 148, 4, 3, 75.00),
(384, 149, 7, 4, 12.00),
(385, 149, 5, 3, 75.00),
(386, 149, 4, 2, 50.00),
(387, 150, 7, 3, 9.00),
(388, 150, 4, 5, 125.00),
(389, 151, 3, 2, 110.00),
(390, 151, 2, 2, 120.00),
(391, 151, 5, 5, 125.00),
(392, 152, 1, 5, 450.00),
(393, 152, 3, 3, 165.00),
(394, 152, 7, 2, 6.00),
(395, 153, 3, 3, 165.00),
(396, 153, 6, 3, 60.00),
(397, 154, 2, 3, 180.00),
(398, 154, 7, 5, 15.00),
(399, 155, 3, 5, 275.00),
(400, 155, 7, 5, 15.00),
(401, 155, 2, 1, 60.00),
(402, 156, 6, 3, 60.00),
(403, 156, 1, 4, 360.00),
(404, 157, 2, 1, 60.00),
(405, 157, 6, 3, 60.00),
(406, 157, 5, 1, 25.00),
(407, 158, 5, 2, 50.00),
(408, 158, 6, 4, 80.00),
(409, 158, 1, 1, 90.00),
(410, 159, 3, 4, 220.00),
(411, 159, 6, 1, 20.00),
(412, 160, 3, 5, 275.00),
(413, 161, 2, 2, 120.00),
(414, 162, 6, 2, 40.00),
(415, 162, 1, 5, 450.00),
(416, 162, 7, 4, 12.00),
(417, 162, 3, 4, 220.00),
(418, 163, 3, 3, 165.00),
(419, 164, 5, 1, 25.00),
(420, 164, 7, 3, 9.00),
(421, 164, 4, 4, 100.00),
(422, 164, 2, 2, 120.00),
(423, 165, 1, 4, 360.00),
(424, 165, 3, 1, 55.00),
(425, 165, 5, 4, 100.00),
(426, 165, 6, 5, 100.00),
(427, 166, 7, 4, 12.00),
(428, 166, 5, 3, 75.00),
(429, 166, 3, 5, 275.00),
(430, 166, 1, 1, 90.00),
(431, 167, 1, 3, 270.00),
(432, 168, 7, 3, 9.00),
(433, 169, 3, 4, 220.00),
(434, 169, 2, 1, 60.00),
(435, 169, 5, 1, 25.00),
(436, 170, 5, 5, 125.00),
(437, 170, 3, 4, 220.00),
(438, 170, 6, 2, 40.00),
(439, 170, 4, 3, 75.00),
(440, 171, 2, 1, 60.00),
(441, 171, 3, 2, 110.00),
(442, 171, 4, 1, 25.00),
(443, 171, 5, 4, 100.00),
(444, 172, 1, 1, 90.00),
(445, 173, 4, 2, 50.00),
(446, 173, 5, 4, 100.00),
(447, 173, 1, 2, 180.00),
(448, 173, 6, 2, 40.00),
(449, 174, 2, 1, 60.00),
(450, 174, 7, 2, 6.00),
(451, 174, 4, 5, 125.00),
(452, 175, 4, 4, 100.00),
(453, 176, 7, 1, 3.00),
(454, 177, 6, 3, 60.00),
(455, 177, 3, 2, 110.00),
(456, 178, 3, 3, 165.00),
(457, 178, 5, 1, 25.00),
(458, 179, 7, 2, 6.00),
(459, 179, 4, 2, 50.00),
(460, 179, 5, 4, 100.00),
(461, 180, 1, 2, 180.00),
(462, 180, 3, 3, 165.00),
(463, 180, 4, 4, 100.00),
(464, 181, 7, 2, 6.00),
(465, 181, 2, 3, 180.00),
(466, 181, 3, 1, 55.00),
(467, 181, 4, 2, 50.00),
(468, 182, 4, 1, 25.00),
(469, 183, 5, 5, 125.00),
(470, 183, 7, 2, 6.00),
(471, 184, 2, 3, 180.00),
(472, 184, 3, 3, 165.00),
(473, 185, 3, 5, 275.00),
(474, 185, 1, 4, 360.00),
(475, 185, 7, 2, 6.00),
(476, 186, 6, 2, 40.00),
(477, 187, 4, 3, 75.00),
(478, 187, 1, 2, 180.00),
(479, 187, 5, 4, 100.00),
(480, 188, 6, 3, 60.00),
(481, 188, 7, 3, 9.00),
(482, 189, 1, 4, 360.00),
(483, 189, 7, 4, 12.00),
(484, 190, 2, 5, 300.00),
(485, 190, 6, 3, 60.00),
(486, 191, 3, 4, 220.00),
(487, 191, 1, 1, 90.00),
(488, 191, 7, 4, 12.00),
(489, 191, 4, 1, 25.00),
(490, 192, 6, 2, 40.00),
(491, 193, 2, 1, 60.00),
(492, 193, 4, 1, 25.00),
(493, 194, 6, 2, 40.00),
(494, 195, 4, 3, 75.00),
(495, 195, 2, 4, 240.00),
(496, 195, 5, 4, 100.00),
(497, 195, 6, 1, 20.00),
(498, 196, 6, 3, 60.00),
(499, 197, 7, 3, 9.00),
(500, 197, 5, 2, 50.00),
(501, 198, 5, 2, 50.00),
(502, 199, 5, 3, 75.00),
(503, 199, 6, 1, 20.00),
(504, 199, 4, 1, 25.00),
(505, 200, 1, 4, 360.00),
(506, 200, 6, 1, 20.00),
(507, 201, 1, 1, 90.00),
(508, 201, 4, 1, 25.00),
(509, 202, 7, 1, 3.00),
(510, 202, 5, 5, 125.00),
(511, 202, 6, 5, 100.00),
(512, 202, 3, 1, 55.00),
(513, 203, 2, 1, 60.00),
(514, 204, 5, 5, 125.00),
(515, 204, 4, 3, 75.00),
(516, 205, 6, 4, 80.00),
(517, 206, 7, 2, 6.00),
(518, 207, 3, 5, 275.00),
(519, 208, 3, 4, 220.00),
(520, 208, 4, 5, 125.00),
(521, 208, 1, 2, 180.00),
(522, 209, 7, 5, 15.00),
(523, 209, 4, 5, 125.00),
(524, 209, 5, 3, 75.00),
(525, 209, 6, 1, 20.00),
(526, 210, 5, 5, 125.00),
(527, 210, 6, 2, 40.00),
(528, 210, 1, 5, 450.00),
(529, 211, 1, 4, 360.00),
(530, 211, 5, 3, 75.00),
(531, 211, 7, 5, 15.00),
(532, 212, 5, 3, 75.00),
(533, 212, 4, 1, 25.00),
(534, 212, 1, 4, 360.00),
(535, 213, 4, 2, 50.00),
(536, 213, 7, 4, 12.00),
(537, 213, 1, 1, 90.00),
(538, 214, 3, 2, 110.00),
(539, 214, 4, 5, 125.00),
(540, 214, 1, 4, 360.00),
(541, 214, 6, 1, 20.00),
(542, 215, 6, 1, 20.00),
(543, 215, 7, 4, 12.00),
(544, 215, 1, 3, 270.00),
(545, 216, 5, 2, 50.00),
(546, 216, 4, 5, 125.00),
(547, 217, 3, 3, 165.00),
(548, 217, 5, 3, 75.00),
(549, 217, 6, 2, 40.00),
(550, 217, 4, 1, 25.00),
(551, 218, 5, 2, 50.00),
(552, 218, 1, 3, 270.00),
(553, 218, 3, 5, 275.00),
(554, 218, 7, 1, 3.00),
(555, 219, 2, 3, 180.00),
(556, 219, 3, 5, 275.00),
(557, 220, 7, 4, 12.00),
(558, 220, 3, 2, 110.00),
(559, 220, 6, 5, 100.00),
(560, 220, 1, 5, 450.00),
(561, 221, 2, 2, 120.00),
(562, 221, 7, 1, 3.00),
(563, 221, 1, 2, 180.00),
(564, 221, 3, 5, 275.00),
(565, 222, 7, 2, 6.00),
(566, 222, 2, 3, 180.00),
(567, 222, 6, 4, 80.00),
(568, 223, 6, 2, 40.00),
(569, 223, 2, 5, 300.00),
(570, 223, 7, 4, 12.00),
(571, 224, 3, 3, 165.00),
(572, 224, 1, 3, 270.00),
(573, 224, 5, 4, 100.00),
(574, 225, 5, 1, 25.00),
(577, 227, 3, 4, 220.00),
(578, 228, 1, 3, 270.00),
(579, 229, 3, 4, 220.00),
(615, 243, 1, 3, 270.00),
(616, 243, 3, 2, 110.00),
(617, 227, 1, 2, 180.00);

-- --------------------------------------------------------

--
-- Estructura de tabla para la tabla `ingredientes`
--

CREATE TABLE `ingredientes` (
  `id_producto` int(5) NOT NULL,
  `nombre` text NOT NULL,
  `descripcion` text NOT NULL,
  `cantidad` decimal(5,2) UNSIGNED NOT NULL,
  `unidad` text NOT NULL,
  `precio` decimal(6,2) UNSIGNED NOT NULL,
  `fecha_caducidad` date NOT NULL,
  `id_proveedor` int(5) NOT NULL
) ENGINE=InnoDB DEFAULT CHARSET=utf8mb4 COLLATE=utf8mb4_general_ci;

--
-- Volcado de datos para la tabla `ingredientes`
--

INSERT INTO `ingredientes` (`id_producto`, `nombre`, `descripcion`, `cantidad`, `unidad`, `precio`, `fecha_caducidad`, `id_proveedor`) VALUES
(7, 'Pan Hamburguesa', 'Pan', 90.00, 'piezas', 58.00, '2026-12-17', 5),
(8, 'Carne Hamburguesa', 'Carne', 10.00, 'kg', 140.00, '2025-12-13', 6),
(10, 'Lechuga', 'Lechuga', 8.00, 'piezas', 22.00, '2025-12-11', 7),
(11, 'Jamon', 'Jamon', 10.00, 'kg', 100.00, '2025-12-11', 7),
(12, 'Cebolla', 'Cebolla', 10.00, 'kg', 15.00, '2025-12-11', 7),
(13, 'Tomate', 'Tomate', 50.00, 'kg', 15.00, '2025-12-11', 7),
(14, 'Tocino', 'Tocino', 10.00, 'kg', 220.00, '2025-12-11', 7);

-- --------------------------------------------------------

--
-- Estructura de tabla para la tabla `productos`
--

CREATE TABLE `productos` (
  `id_menu` int(5) NOT NULL,
  `nombre` text NOT NULL,
  `precio` decimal(5,2) UNSIGNED NOT NULL
) ENGINE=InnoDB DEFAULT CHARSET=utf8mb4 COLLATE=utf8mb4_general_ci;

--
-- Volcado de datos para la tabla `productos`
--

INSERT INTO `productos` (`id_menu`, `nombre`, `precio`) VALUES
(1, 'Hamburguesa doble', 90.00),
(2, 'Hamburguesa especial', 60.00),
(3, 'Hamburguesa sencilla', 55.00),
(4, 'Hot dog', 25.00),
(5, 'Refresco ', 25.00),
(6, 'Agua', 20.00),
(7, 'Ingrediente extra', 3.00);

-- --------------------------------------------------------

--
-- Estructura de tabla para la tabla `proveedores`
--

CREATE TABLE `proveedores` (
  `id_proveedor` int(5) NOT NULL,
  `nombre_empresa` text NOT NULL,
  `nombre_contacto` text NOT NULL COMMENT 'Nombre del contacto',
  `telefono` varchar(15) NOT NULL,
  `direccion` text NOT NULL
) ENGINE=InnoDB DEFAULT CHARSET=utf8mb4 COLLATE=utf8mb4_general_ci;

--
-- Volcado de datos para la tabla `proveedores`
--

INSERT INTO `proveedores` (`id_proveedor`, `nombre_empresa`, `nombre_contacto`, `telefono`, `direccion`) VALUES
(5, 'Panaderia La Paz', 'Panaderia La Paz', '618 128 3910', 'PRIMO DE VERDAD # 206, 34120 DURANGO, Durango '),
(6, 'La Tosca', 'La Tosca', '618 812 0304', 'Cll Belisario Domínguez 124 de Analco, 34138'),
(7, 'Cremería El Güero', 'Cremería El Güero', '618 185 7897', 'Pasteur 115, 34000 Durango, Durango');

-- --------------------------------------------------------

--
-- Estructura de tabla para la tabla `usuarios`
--

CREATE TABLE `usuarios` (
  `id_usuario` int(2) NOT NULL,
  `nombre` text NOT NULL,
  `apellido_paterno` text NOT NULL,
  `apellido_materno` text NOT NULL,
  `correo` varchar(30) NOT NULL,
  `password` char(64) NOT NULL,
  `fecha_registro` datetime NOT NULL DEFAULT current_timestamp(),
  `Rol` text NOT NULL
) ENGINE=InnoDB DEFAULT CHARSET=utf8mb4 COLLATE=utf8mb4_general_ci;

--
-- Volcado de datos para la tabla `usuarios`
--

INSERT INTO `usuarios` (`id_usuario`, `nombre`, `apellido_paterno`, `apellido_materno`, `correo`, `password`, `fecha_registro`, `Rol`) VALUES
(1, 'prueba', '1', '', 'ola', '55a9f4f8994b1bbf2058ea38c8efb6c459000814d5f39c087002571639e6230e', '2025-11-16 15:09:46', 'Admin'),
(2, 'nombre', 'apellido', '', 'admin@gmail.com', '55a9f4f8994b1bbf2058ea38c8efb6c459000814d5f39c087002571639e6230e', '2025-11-21 10:44:16', 'Admin'),
(4, 'adrian', 'rangel', '', 'adrian@gmail.com', '55a9f4f8994b1bbf2058ea38c8efb6c459000814d5f39c087002571639e6230e', '2025-11-23 10:07:41', 'Admin'),
(8, 'Alejandro', 'Karlo', 'Chavez', 'Karlo.adr@outlook.com', '0ffe1abd1a08215353c233d6e009613e95eec4253832a761af28ff37ac5a150c', '2025-11-23 10:21:55', 'Colaborador'),
(9, 'Carlos', 'Rivera', 'Torres', 'rivera@hotmai.com', '5994471abb01112afcc18159f6cc74b4f511b99806da59b3caf5a9c173cacfc5', '2025-11-30 12:14:09', 'Colaborador'),
(10, 'Enrique', 'Perez', '', 'Perezz@gmail.com', '36bbe50ed96841d10443bcb670d6554f0a34b761be67ec9c4a8ad2c0c44ca42c', '2025-11-30 12:27:04', 'Admin');

-- --------------------------------------------------------

--
-- Estructura de tabla para la tabla `ventas`
--

CREATE TABLE `ventas` (
  `id_venta` int(5) NOT NULL,
  `fecha_venta` date NOT NULL DEFAULT current_timestamp(),
  `hora_venta` time NOT NULL,
  `total_venta` decimal(6,2) UNSIGNED NOT NULL
) ENGINE=InnoDB DEFAULT CHARSET=utf8mb4 COLLATE=utf8mb4_general_ci;

--
-- Volcado de datos para la tabla `ventas`
--

INSERT INTO `ventas` (`id_venta`, `fecha_venta`, `hora_venta`, `total_venta`) VALUES
(1, '2025-09-12', '20:21:00', 190.00),
(2, '2025-09-12', '22:31:00', 505.00),
(3, '2025-09-12', '20:13:00', 25.00),
(4, '2025-09-12', '21:40:00', 620.00),
(5, '2025-09-13', '22:57:00', 232.00),
(6, '2025-09-13', '20:16:00', 120.00),
(7, '2025-09-13', '23:32:00', 90.00),
(8, '2025-09-14', '21:59:00', 75.00),
(9, '2025-09-14', '23:14:00', 75.00),
(10, '2025-09-14', '22:45:00', 280.00),
(11, '2025-09-15', '23:44:00', 704.00),
(12, '2025-09-16', '21:39:00', 338.00),
(13, '2025-09-16', '21:41:00', 55.00),
(14, '2025-09-17', '19:25:00', 655.00),
(15, '2025-09-17', '19:28:00', 246.00),
(16, '2025-09-18', '23:23:00', 240.00),
(17, '2025-09-18', '20:10:00', 200.00),
(18, '2025-09-19', '21:28:00', 15.00),
(19, '2025-09-19', '20:35:00', 80.00),
(20, '2025-09-20', '19:56:00', 120.00),
(21, '2025-09-20', '20:40:00', 360.00),
(22, '2025-09-20', '22:12:00', 355.00),
(23, '2025-09-20', '22:51:00', 216.00),
(24, '2025-09-21', '19:51:00', 356.00),
(25, '2025-09-21', '22:56:00', 739.00),
(26, '2025-09-21', '21:14:00', 457.00),
(27, '2025-09-22', '23:41:00', 81.00),
(28, '2025-09-22', '19:55:00', 225.00),
(29, '2025-09-22', '21:00:00', 450.00),
(30, '2025-09-22', '22:21:00', 60.00),
(31, '2025-09-23', '19:11:00', 215.00),
(32, '2025-09-23', '21:59:00', 130.00),
(33, '2025-09-24', '20:57:00', 276.00),
(34, '2025-09-24', '20:30:00', 450.00),
(35, '2025-09-25', '19:55:00', 100.00),
(36, '2025-09-26', '20:57:00', 406.00),
(37, '2025-09-27', '23:04:00', 505.00),
(38, '2025-09-27', '23:40:00', 453.00),
(39, '2025-09-27', '22:27:00', 60.00),
(40, '2025-09-27', '21:22:00', 15.00),
(41, '2025-09-28', '23:52:00', 350.00),
(42, '2025-09-28', '22:11:00', 50.00),
(43, '2025-09-28', '22:50:00', 225.00),
(44, '2025-09-29', '21:14:00', 135.00),
(45, '2025-09-29', '22:36:00', 88.00),
(46, '2025-09-29', '21:21:00', 165.00),
(47, '2025-09-29', '23:24:00', 347.00),
(48, '2025-09-30', '19:58:00', 525.00),
(49, '2025-10-01', '23:18:00', 630.00),
(50, '2025-10-01', '23:55:00', 240.00),
(51, '2025-10-02', '19:31:00', 159.00),
(52, '2025-10-02', '19:41:00', 209.00),
(53, '2025-10-02', '22:29:00', 315.00),
(54, '2025-10-03', '23:47:00', 175.00),
(55, '2025-10-03', '21:30:00', 75.00),
(56, '2025-10-04', '23:43:00', 270.00),
(57, '2025-10-04', '21:10:00', 275.00),
(58, '2025-10-04', '20:33:00', 585.00),
(59, '2025-10-04', '23:06:00', 165.00),
(60, '2025-10-05', '22:59:00', 445.00),
(61, '2025-10-05', '22:34:00', 135.00),
(62, '2025-10-06', '21:26:00', 825.00),
(63, '2025-10-07', '22:53:00', 553.00),
(64, '2025-10-07', '19:14:00', 523.00),
(65, '2025-10-07', '21:18:00', 330.00),
(66, '2025-10-07', '22:31:00', 320.00),
(67, '2025-10-08', '23:05:00', 165.00),
(68, '2025-10-08', '19:13:00', 340.00),
(69, '2025-10-08', '23:42:00', 579.00),
(70, '2025-10-08', '22:06:00', 15.00),
(71, '2025-10-09', '22:18:00', 470.00),
(72, '2025-10-09', '20:22:00', 128.00),
(73, '2025-10-09', '23:01:00', 165.00),
(74, '2025-10-09', '22:25:00', 410.00),
(75, '2025-10-10', '19:48:00', 405.00),
(76, '2025-10-10', '20:37:00', 640.00),
(77, '2025-10-11', '21:28:00', 110.00),
(78, '2025-10-11', '21:58:00', 510.00),
(79, '2025-10-11', '20:31:00', 580.00),
(80, '2025-10-12', '19:05:00', 150.00),
(81, '2025-10-12', '19:29:00', 130.00),
(82, '2025-10-13', '20:14:00', 357.00),
(83, '2025-10-13', '20:11:00', 555.00),
(84, '2025-10-13', '19:18:00', 85.00),
(85, '2025-10-13', '23:51:00', 120.00),
(86, '2025-10-14', '21:19:00', 315.00),
(87, '2025-10-14', '22:40:00', 435.00),
(88, '2025-10-15', '19:46:00', 195.00),
(89, '2025-10-15', '19:44:00', 12.00),
(90, '2025-10-16', '20:17:00', 500.00),
(91, '2025-10-16', '21:57:00', 454.00),
(92, '2025-10-16', '22:44:00', 123.00),
(93, '2025-10-17', '23:37:00', 823.00),
(94, '2025-10-17', '23:01:00', 120.00),
(95, '2025-10-18', '23:37:00', 25.00),
(96, '2025-10-18', '19:46:00', 40.00),
(97, '2025-10-18', '22:38:00', 512.00),
(98, '2025-10-19', '21:38:00', 132.00),
(99, '2025-10-19', '21:38:00', 40.00),
(100, '2025-10-19', '21:20:00', 545.00),
(101, '2025-10-20', '22:37:00', 250.00),
(102, '2025-10-20', '21:32:00', 140.00),
(103, '2025-10-20', '22:26:00', 755.00),
(104, '2025-10-20', '20:54:00', 255.00),
(105, '2025-10-21', '23:26:00', 75.00),
(106, '2025-10-22', '22:05:00', 400.00),
(107, '2025-10-23', '20:49:00', 550.00),
(108, '2025-10-24', '22:09:00', 215.00),
(109, '2025-10-24', '20:11:00', 190.00),
(110, '2025-10-24', '19:21:00', 3.00),
(111, '2025-10-25', '20:50:00', 285.00),
(112, '2025-10-26', '19:22:00', 250.00),
(113, '2025-10-26', '21:17:00', 522.00),
(114, '2025-10-26', '22:33:00', 100.00),
(115, '2025-10-27', '22:50:00', 220.00),
(116, '2025-10-27', '20:05:00', 410.00),
(117, '2025-10-28', '20:08:00', 418.00),
(118, '2025-10-29', '20:16:00', 450.00),
(119, '2025-10-29', '23:52:00', 20.00),
(120, '2025-10-30', '23:35:00', 100.00),
(121, '2025-10-30', '22:03:00', 570.00),
(122, '2025-10-31', '23:44:00', 25.00),
(123, '2025-10-31', '19:57:00', 447.00),
(124, '2025-11-01', '22:44:00', 141.00),
(125, '2025-11-01', '19:04:00', 428.00),
(126, '2025-11-01', '23:10:00', 160.00),
(127, '2025-11-01', '22:42:00', 170.00),
(128, '2025-11-02', '22:59:00', 383.00),
(129, '2025-11-03', '20:32:00', 386.00),
(130, '2025-11-04', '20:42:00', 670.00),
(131, '2025-11-04', '19:14:00', 170.00),
(132, '2025-11-04', '20:01:00', 255.00),
(133, '2025-11-04', '22:57:00', 580.00),
(134, '2025-11-05', '23:45:00', 265.00),
(135, '2025-11-05', '22:02:00', 476.00),
(136, '2025-11-05', '23:39:00', 305.00),
(137, '2025-11-06', '20:52:00', 445.00),
(138, '2025-11-06', '21:22:00', 220.00),
(139, '2025-11-07', '22:22:00', 245.00),
(140, '2025-11-07', '21:56:00', 300.00),
(141, '2025-11-08', '23:56:00', 845.00),
(142, '2025-11-08', '19:10:00', 60.00),
(143, '2025-11-08', '22:58:00', 153.00),
(144, '2025-11-08', '23:56:00', 235.00),
(145, '2025-11-09', '20:47:00', 189.00),
(146, '2025-11-10', '23:33:00', 575.00),
(147, '2025-11-10', '19:22:00', 455.00),
(148, '2025-11-11', '19:01:00', 175.00),
(149, '2025-11-12', '19:34:00', 137.00),
(150, '2025-11-12', '19:14:00', 134.00),
(151, '2025-11-12', '20:27:00', 355.00),
(152, '2025-11-13', '19:17:00', 621.00),
(153, '2025-11-13', '21:28:00', 225.00),
(154, '2025-11-14', '20:20:00', 195.00),
(155, '2025-11-15', '23:41:00', 350.00),
(156, '2025-11-15', '23:12:00', 420.00),
(157, '2025-11-15', '22:55:00', 145.00),
(158, '2025-11-15', '21:24:00', 220.00),
(159, '2025-11-16', '21:04:00', 240.00),
(160, '2025-11-16', '21:52:00', 275.00),
(161, '2025-11-17', '22:07:00', 120.00),
(162, '2025-11-17', '19:33:00', 722.00),
(163, '2025-11-18', '22:35:00', 165.00),
(164, '2025-11-19', '20:47:00', 254.00),
(165, '2025-11-19', '22:36:00', 615.00),
(166, '2025-11-19', '23:57:00', 452.00),
(167, '2025-11-20', '21:22:00', 270.00),
(168, '2025-11-20', '21:01:00', 9.00),
(169, '2025-11-20', '23:19:00', 305.00),
(170, '2025-11-21', '19:15:00', 460.00),
(171, '2025-11-21', '21:13:00', 295.00),
(172, '2025-11-21', '19:00:00', 90.00),
(173, '2025-11-22', '21:25:00', 370.00),
(174, '2025-11-22', '22:11:00', 191.00),
(175, '2025-11-22', '23:17:00', 100.00),
(176, '2025-11-22', '20:16:00', 3.00),
(177, '2025-11-23', '20:30:00', 170.00),
(178, '2025-11-23', '20:10:00', 190.00),
(179, '2025-11-24', '21:05:00', 156.00),
(180, '2025-11-24', '20:54:00', 445.00),
(181, '2025-11-24', '20:05:00', 291.00),
(182, '2025-11-24', '23:15:00', 25.00),
(183, '2025-11-25', '19:38:00', 131.00),
(184, '2025-11-25', '23:51:00', 345.00),
(185, '2025-11-25', '19:23:00', 641.00),
(186, '2025-11-26', '22:30:00', 40.00),
(187, '2025-11-26', '20:23:00', 355.00),
(188, '2025-11-26', '20:35:00', 69.00),
(189, '2025-11-27', '19:47:00', 372.00),
(190, '2025-11-27', '21:27:00', 360.00),
(191, '2025-11-27', '21:13:00', 347.00),
(192, '2025-11-27', '20:43:00', 40.00),
(193, '2025-11-28', '23:39:00', 85.00),
(194, '2025-11-28', '20:15:00', 40.00),
(195, '2025-11-28', '22:49:00', 435.00),
(196, '2025-11-29', '21:22:00', 60.00),
(197, '2025-11-29', '19:10:00', 59.00),
(198, '2025-11-30', '21:18:00', 50.00),
(199, '2025-11-30', '22:59:00', 120.00),
(200, '2025-12-01', '23:53:00', 380.00),
(201, '2025-12-01', '22:44:00', 115.00),
(202, '2025-12-02', '22:42:00', 283.00),
(203, '2025-12-02', '23:01:00', 60.00),
(204, '2025-12-02', '23:52:00', 200.00),
(205, '2025-12-03', '22:45:00', 80.00),
(206, '2025-12-03', '19:58:00', 6.00),
(207, '2025-12-04', '22:16:00', 275.00),
(208, '2025-12-05', '21:37:00', 525.00),
(209, '2025-12-05', '22:51:00', 235.00),
(210, '2025-12-06', '19:35:00', 615.00),
(211, '2025-12-06', '19:54:00', 450.00),
(212, '2025-12-06', '20:36:00', 460.00),
(213, '2025-12-07', '22:34:00', 152.00),
(214, '2025-12-08', '19:16:00', 615.00),
(215, '2025-12-09', '19:54:00', 302.00),
(216, '2025-12-09', '22:56:00', 175.00),
(217, '2025-12-10', '20:22:00', 305.00),
(218, '2025-12-10', '23:54:00', 598.00),
(219, '2025-12-10', '19:50:00', 455.00),
(220, '2025-12-10', '23:23:00', 672.00),
(221, '2025-12-11', '22:48:00', 578.00),
(222, '2025-12-11', '22:54:00', 266.00),
(223, '2025-12-12', '23:14:00', 352.00),
(224, '2025-12-13', '22:06:00', 535.00),
(225, '2025-12-13', '19:49:00', 25.00),
(227, '2025-12-04', '23:06:00', 400.00),
(228, '2025-12-14', '20:54:00', 270.00),
(229, '2025-12-14', '20:44:00', 220.00),
(243, '2025-12-13', '21:00:00', 380.00);

--
-- Índices para tablas volcadas
--

--
-- Indices de la tabla `detalle_venta`
--
ALTER TABLE `detalle_venta`
  ADD PRIMARY KEY (`id_detalle`),
  ADD KEY `id_venta` (`id_venta`),
  ADD KEY `id_producto` (`id_menu`);

--
-- Indices de la tabla `ingredientes`
--
ALTER TABLE `ingredientes`
  ADD PRIMARY KEY (`id_producto`),
  ADD KEY `id_proveedor` (`id_proveedor`);

--
-- Indices de la tabla `productos`
--
ALTER TABLE `productos`
  ADD PRIMARY KEY (`id_menu`);

--
-- Indices de la tabla `proveedores`
--
ALTER TABLE `proveedores`
  ADD PRIMARY KEY (`id_proveedor`);

--
-- Indices de la tabla `usuarios`
--
ALTER TABLE `usuarios`
  ADD PRIMARY KEY (`id_usuario`),
  ADD UNIQUE KEY `correo` (`correo`);

--
-- Indices de la tabla `ventas`
--
ALTER TABLE `ventas`
  ADD PRIMARY KEY (`id_venta`);

--
-- AUTO_INCREMENT de las tablas volcadas
--

--
-- AUTO_INCREMENT de la tabla `detalle_venta`
--
ALTER TABLE `detalle_venta`
  MODIFY `id_detalle` int(6) NOT NULL AUTO_INCREMENT, AUTO_INCREMENT=618;

--
-- AUTO_INCREMENT de la tabla `ingredientes`
--
ALTER TABLE `ingredientes`
  MODIFY `id_producto` int(5) NOT NULL AUTO_INCREMENT, AUTO_INCREMENT=16;

--
-- AUTO_INCREMENT de la tabla `productos`
--
ALTER TABLE `productos`
  MODIFY `id_menu` int(5) NOT NULL AUTO_INCREMENT, AUTO_INCREMENT=8;

--
-- AUTO_INCREMENT de la tabla `proveedores`
--
ALTER TABLE `proveedores`
  MODIFY `id_proveedor` int(5) NOT NULL AUTO_INCREMENT, AUTO_INCREMENT=9;

--
-- AUTO_INCREMENT de la tabla `usuarios`
--
ALTER TABLE `usuarios`
  MODIFY `id_usuario` int(2) NOT NULL AUTO_INCREMENT, AUTO_INCREMENT=11;

--
-- AUTO_INCREMENT de la tabla `ventas`
--
ALTER TABLE `ventas`
  MODIFY `id_venta` int(5) NOT NULL AUTO_INCREMENT, AUTO_INCREMENT=244;

--
-- Restricciones para tablas volcadas
--

--
-- Filtros para la tabla `detalle_venta`
--
ALTER TABLE `detalle_venta`
  ADD CONSTRAINT `detalle_venta_ibfk_1` FOREIGN KEY (`id_venta`) REFERENCES `ventas` (`id_venta`),
  ADD CONSTRAINT `detalle_venta_ibfk_2` FOREIGN KEY (`id_menu`) REFERENCES `productos` (`id_menu`);

--
-- Filtros para la tabla `ingredientes`
--
ALTER TABLE `ingredientes`
  ADD CONSTRAINT `ingredientes_ibfk_1` FOREIGN KEY (`id_proveedor`) REFERENCES `proveedores` (`id_proveedor`);
COMMIT;

/*!40101 SET CHARACTER_SET_CLIENT=@OLD_CHARACTER_SET_CLIENT */;
/*!40101 SET CHARACTER_SET_RESULTS=@OLD_CHARACTER_SET_RESULTS */;
/*!40101 SET COLLATION_CONNECTION=@OLD_COLLATION_CONNECTION */;
