-- phpMyAdmin SQL Dump
-- version 5.2.1
-- https://www.phpmyadmin.net/
--
-- Servidor: 127.0.0.1
-- Tiempo de generación: 13-12-2025 a las 03:41:08
-- Versión del servidor: 10.4.32-MariaDB
-- Versión de PHP: 8.2.12

SET SQL_MODE = "NO_AUTO_VALUE_ON_ZERO";
START TRANSACTION;
SET time_zone = "+00:00";


/*!40101 SET @OLD_CHARACTER_SET_CLIENT=@@CHARACTER_SET_CLIENT */;
/*!40101 SET @OLD_CHARACTER_SET_RESULTS=@@CHARACTER_SET_RESULTS */;
/*!40101 SET @OLD_COLLATION_CONNECTION=@@COLLATION_CONNECTION */;
/*!40101 SET NAMES utf8mb4 */;

--
-- Base de datos: `bd_hamburguesas`
--
CREATE DATABASE IF NOT EXISTS `bd_hamburguesas` DEFAULT CHARACTER SET utf8mb4 COLLATE utf8mb4_general_ci;
USE `bd_hamburguesas`;

-- --------------------------------------------------------

--
-- Estructura de tabla para la tabla `detalle_venta`
--

CREATE TABLE `detalle_venta` (
  `id_detalle` int(6) NOT NULL,
  `id_venta` int(5) NOT NULL,
  `id_menu` int(5) NOT NULL,
  `cantidad` int(3) UNSIGNED NOT NULL,
  `subtotal` decimal(6,2) UNSIGNED NOT NULL
) ENGINE=InnoDB DEFAULT CHARSET=utf8mb4 COLLATE=utf8mb4_general_ci;

--
-- Volcado de datos para la tabla `detalle_venta`
--

INSERT INTO `detalle_venta` (`id_detalle`, `id_venta`, `id_menu`, `cantidad`, `subtotal`) VALUES
(1, 1, 2, 2, 120.00),
(2, 1, 4, 1, 25.00),
(3, 2, 2, 3, 180.00),
(4, 2, 6, 2, 40.00),
(5, 2, 6, 2, 40.00),
(6, 3, 6, 1, 20.00),
(7, 3, 7, 2, 6.00),
(8, 4, 5, 2, 50.00),
(9, 4, 4, 1, 25.00),
(10, 4, 3, 2, 110.00),
(11, 5, 3, 3, 165.00),
(12, 5, 1, 2, 180.00),
(13, 6, 3, 3, 165.00),
(14, 6, 7, 3, 9.00),
(15, 6, 6, 3, 60.00),
(16, 7, 3, 3, 165.00),
(17, 8, 1, 1, 90.00),
(18, 8, 1, 3, 270.00),
(19, 8, 7, 3, 9.00),
(20, 8, 3, 1, 55.00),
(21, 9, 5, 1, 25.00),
(22, 9, 7, 3, 9.00),
(23, 9, 3, 3, 165.00),
(24, 9, 1, 2, 180.00),
(25, 10, 4, 1, 25.00),
(26, 11, 6, 3, 60.00),
(27, 11, 5, 3, 75.00),
(28, 11, 3, 1, 55.00),
(29, 12, 4, 1, 25.00),
(30, 12, 4, 2, 50.00),
(31, 12, 3, 3, 165.00),
(32, 13, 1, 1, 90.00),
(33, 13, 4, 1, 25.00),
(34, 14, 6, 2, 40.00),
(35, 14, 4, 3, 75.00),
(36, 14, 7, 2, 6.00),
(37, 15, 4, 3, 75.00),
(38, 15, 1, 1, 90.00),
(39, 16, 2, 3, 180.00),
(40, 16, 3, 2, 110.00),
(41, 16, 6, 3, 60.00),
(42, 16, 6, 3, 60.00),
(43, 17, 2, 3, 180.00),
(44, 17, 1, 2, 180.00),
(45, 17, 2, 1, 60.00),
(46, 18, 3, 3, 165.00),
(47, 18, 3, 1, 55.00),
(48, 19, 7, 3, 9.00),
(49, 19, 3, 3, 165.00),
(50, 20, 4, 3, 75.00),
(51, 20, 6, 1, 20.00),
(52, 20, 3, 2, 110.00),
(53, 21, 4, 2, 50.00),
(54, 21, 4, 3, 75.00),
(55, 21, 3, 3, 165.00),
(56, 21, 3, 2, 110.00),
(57, 22, 2, 2, 120.00),
(58, 22, 3, 2, 110.00),
(59, 22, 7, 2, 6.00),
(60, 22, 7, 3, 9.00),
(61, 23, 2, 3, 180.00),
(62, 24, 2, 1, 60.00),
(63, 24, 7, 3, 9.00),
(64, 25, 1, 3, 270.00),
(65, 25, 3, 3, 165.00),
(66, 25, 1, 2, 180.00),
(67, 26, 5, 3, 75.00),
(68, 26, 2, 3, 180.00),
(69, 26, 5, 1, 25.00),
(70, 27, 6, 3, 60.00),
(71, 27, 7, 1, 3.00),
(72, 27, 3, 2, 110.00),
(73, 27, 5, 3, 75.00),
(74, 28, 1, 1, 90.00),
(75, 28, 4, 2, 50.00),
(76, 29, 1, 1, 90.00),
(77, 29, 1, 1, 90.00),
(78, 30, 4, 2, 50.00),
(79, 30, 2, 2, 120.00),
(80, 30, 1, 2, 180.00),
(81, 30, 1, 1, 90.00),
(82, 31, 2, 1, 60.00),
(83, 32, 6, 3, 60.00),
(84, 32, 2, 3, 180.00),
(85, 32, 4, 2, 50.00),
(86, 33, 1, 1, 90.00),
(87, 34, 6, 2, 40.00),
(88, 34, 3, 1, 55.00),
(89, 35, 5, 2, 50.00),
(90, 35, 4, 3, 75.00),
(91, 35, 1, 1, 90.00),
(92, 35, 4, 2, 50.00),
(93, 36, 5, 1, 25.00),
(94, 36, 4, 1, 25.00),
(95, 36, 2, 2, 120.00),
(96, 37, 3, 2, 110.00),
(97, 38, 4, 1, 25.00),
(98, 39, 4, 2, 50.00),
(99, 39, 5, 3, 75.00),
(100, 40, 7, 2, 6.00),
(101, 40, 2, 2, 120.00),
(102, 40, 2, 1, 60.00),
(103, 40, 1, 1, 90.00),
(104, 41, 2, 2, 120.00),
(105, 41, 6, 3, 60.00),
(106, 41, 3, 2, 110.00),
(107, 41, 7, 1, 3.00),
(108, 42, 7, 2, 6.00),
(109, 42, 4, 3, 75.00),
(110, 42, 4, 1, 25.00),
(111, 43, 2, 2, 120.00),
(112, 44, 4, 2, 50.00),
(113, 45, 3, 3, 165.00),
(114, 45, 2, 2, 120.00),
(115, 45, 6, 1, 20.00),
(116, 45, 3, 3, 165.00),
(117, 46, 6, 1, 20.00),
(118, 46, 1, 1, 90.00),
(119, 46, 4, 1, 25.00),
(120, 47, 5, 3, 75.00),
(121, 47, 5, 2, 50.00),
(122, 47, 5, 3, 75.00),
(123, 47, 2, 3, 180.00),
(124, 48, 3, 2, 110.00),
(125, 48, 6, 1, 20.00),
(126, 48, 3, 1, 55.00),
(127, 49, 1, 3, 270.00),
(128, 49, 6, 1, 20.00),
(129, 49, 6, 3, 60.00),
(130, 50, 1, 2, 180.00),
(131, 51, 7, 3, 9.00),
(132, 51, 7, 2, 6.00),
(133, 51, 4, 2, 50.00),
(134, 52, 3, 1, 55.00),
(135, 52, 4, 2, 50.00),
(136, 52, 2, 3, 180.00),
(137, 53, 5, 3, 75.00),
(138, 53, 7, 1, 3.00),
(139, 53, 7, 3, 9.00),
(140, 53, 6, 2, 40.00),
(141, 54, 1, 3, 270.00),
(142, 54, 4, 1, 25.00),
(143, 54, 2, 1, 60.00),
(144, 54, 2, 1, 60.00),
(145, 55, 2, 3, 180.00),
(146, 55, 7, 3, 9.00),
(147, 55, 1, 3, 270.00),
(148, 55, 3, 3, 165.00),
(149, 56, 6, 3, 60.00),
(150, 57, 2, 3, 180.00),
(151, 57, 4, 3, 75.00),
(152, 57, 5, 1, 25.00),
(153, 58, 1, 2, 180.00),
(154, 58, 2, 2, 120.00),
(155, 58, 7, 2, 6.00),
(156, 59, 7, 2, 6.00),
(157, 59, 3, 2, 110.00),
(158, 60, 4, 1, 25.00),
(159, 60, 1, 3, 270.00),
(160, 61, 5, 2, 50.00),
(161, 61, 2, 3, 180.00),
(162, 61, 5, 3, 75.00),
(163, 61, 3, 2, 110.00),
(164, 62, 5, 3, 75.00),
(165, 63, 1, 2, 180.00),
(166, 64, 7, 2, 6.00),
(167, 64, 5, 3, 75.00),
(168, 65, 6, 2, 40.00),
(169, 65, 4, 1, 25.00),
(170, 66, 7, 1, 3.00),
(171, 67, 5, 3, 75.00),
(172, 67, 3, 2, 110.00),
(173, 68, 1, 2, 180.00),
(174, 68, 2, 3, 180.00),
(175, 68, 2, 2, 120.00),
(176, 68, 3, 2, 110.00),
(177, 69, 4, 2, 50.00),
(178, 69, 4, 2, 50.00),
(179, 70, 4, 1, 25.00),
(180, 70, 7, 1, 3.00),
(181, 71, 2, 2, 120.00),
(182, 72, 7, 3, 9.00),
(183, 73, 6, 2, 40.00),
(184, 74, 1, 3, 270.00),
(185, 74, 7, 3, 9.00),
(186, 74, 4, 1, 25.00),
(187, 74, 5, 1, 25.00),
(188, 75, 2, 2, 120.00),
(189, 75, 7, 1, 3.00),
(190, 76, 2, 2, 120.00),
(191, 76, 7, 1, 3.00),
(192, 76, 6, 2, 40.00),
(193, 76, 2, 1, 60.00),
(194, 77, 7, 1, 3.00),
(195, 77, 2, 3, 180.00),
(196, 77, 7, 1, 3.00),
(197, 78, 7, 1, 3.00),
(198, 78, 4, 2, 50.00),
(199, 79, 4, 1, 25.00),
(200, 80, 2, 3, 180.00),
(201, 80, 7, 2, 6.00),
(202, 80, 2, 1, 60.00),
(203, 81, 1, 2, 180.00),
(204, 81, 4, 3, 75.00),
(205, 81, 6, 1, 20.00),
(206, 82, 4, 3, 75.00),
(207, 83, 2, 1, 60.00),
(208, 84, 1, 3, 270.00),
(209, 84, 7, 2, 6.00),
(210, 84, 4, 1, 25.00),
(211, 84, 6, 2, 40.00),
(212, 85, 7, 3, 9.00),
(213, 85, 7, 2, 6.00),
(214, 85, 2, 3, 180.00),
(215, 86, 4, 2, 50.00),
(216, 86, 3, 1, 55.00),
(217, 87, 7, 3, 9.00),
(218, 88, 2, 2, 120.00),
(219, 88, 3, 2, 110.00),
(220, 88, 2, 2, 120.00),
(221, 88, 7, 1, 3.00),
(222, 89, 1, 3, 270.00),
(223, 89, 7, 2, 6.00),
(224, 89, 2, 1, 60.00),
(225, 90, 6, 2, 40.00),
(226, 90, 6, 1, 20.00),
(227, 90, 1, 2, 180.00),
(228, 91, 2, 3, 180.00),
(229, 92, 4, 2, 50.00),
(230, 92, 4, 3, 75.00),
(231, 92, 6, 2, 40.00),
(232, 93, 5, 3, 75.00),
(233, 93, 4, 1, 25.00),
(234, 93, 4, 3, 75.00),
(235, 93, 3, 1, 55.00),
(236, 94, 1, 1, 90.00),
(237, 95, 2, 3, 180.00),
(238, 95, 5, 1, 25.00),
(239, 96, 4, 1, 25.00),
(240, 97, 5, 2, 50.00),
(241, 97, 6, 3, 60.00),
(242, 97, 4, 2, 50.00),
(243, 97, 7, 1, 3.00),
(244, 98, 7, 3, 9.00),
(245, 98, 5, 3, 75.00),
(246, 98, 4, 1, 25.00),
(247, 99, 2, 2, 120.00),
(248, 99, 6, 2, 40.00),
(249, 99, 2, 2, 120.00),
(250, 99, 3, 3, 165.00),
(251, 100, 6, 1, 20.00),
(252, 100, 7, 1, 3.00),
(253, 100, 6, 3, 60.00),
(254, 101, 2, 1, 60.00),
(255, 101, 7, 3, 9.00),
(256, 102, 6, 3, 60.00),
(257, 102, 5, 2, 50.00),
(258, 102, 7, 1, 3.00),
(259, 103, 3, 3, 165.00),
(260, 104, 2, 1, 60.00),
(261, 104, 1, 1, 90.00),
(262, 104, 3, 2, 110.00),
(263, 105, 6, 2, 40.00),
(264, 105, 5, 1, 25.00),
(265, 105, 1, 3, 270.00),
(266, 106, 2, 3, 180.00),
(267, 106, 5, 3, 75.00),
(268, 107, 5, 1, 25.00),
(269, 108, 5, 1, 25.00),
(270, 109, 1, 2, 180.00),
(271, 109, 1, 2, 180.00),
(272, 110, 2, 1, 60.00),
(273, 110, 7, 2, 6.00),
(274, 111, 5, 1, 25.00),
(275, 112, 1, 2, 180.00),
(276, 113, 7, 1, 3.00),
(277, 113, 2, 2, 120.00),
(278, 113, 3, 3, 165.00),
(279, 113, 1, 1, 90.00),
(280, 114, 4, 1, 25.00),
(281, 114, 5, 3, 75.00),
(282, 115, 7, 2, 6.00),
(283, 116, 3, 2, 110.00),
(284, 116, 5, 3, 75.00),
(285, 117, 2, 2, 120.00),
(286, 117, 5, 3, 75.00),
(287, 117, 4, 3, 75.00),
(288, 117, 3, 3, 165.00),
(289, 118, 3, 3, 165.00),
(290, 118, 4, 2, 50.00),
(291, 118, 3, 1, 55.00),
(292, 118, 7, 1, 3.00),
(293, 119, 7, 1, 3.00),
(294, 119, 1, 1, 90.00),
(295, 119, 2, 1, 60.00),
(296, 120, 6, 2, 40.00),
(297, 120, 2, 3, 180.00),
(298, 120, 1, 3, 270.00),
(299, 121, 5, 3, 75.00),
(300, 121, 7, 3, 9.00),
(301, 122, 4, 2, 50.00),
(302, 122, 7, 2, 6.00),
(303, 123, 6, 1, 20.00),
(304, 123, 3, 2, 110.00),
(305, 124, 2, 2, 120.00),
(306, 124, 3, 2, 110.00),
(307, 124, 1, 1, 90.00),
(308, 124, 6, 2, 40.00),
(309, 125, 7, 1, 3.00),
(310, 125, 6, 3, 60.00),
(311, 125, 5, 3, 75.00),
(312, 125, 5, 2, 50.00),
(313, 126, 4, 3, 75.00),
(314, 127, 3, 1, 55.00),
(315, 128, 5, 2, 50.00),
(316, 129, 7, 2, 6.00),
(317, 129, 7, 2, 6.00),
(318, 129, 2, 3, 180.00),
(319, 129, 5, 2, 50.00),
(320, 130, 2, 2, 120.00),
(321, 130, 2, 1, 60.00),
(322, 131, 4, 2, 50.00),
(323, 131, 7, 3, 9.00),
(324, 131, 5, 2, 50.00),
(325, 131, 6, 3, 60.00),
(326, 132, 3, 3, 165.00),
(327, 132, 6, 2, 40.00),
(328, 133, 1, 1, 90.00),
(329, 134, 4, 3, 75.00),
(330, 134, 5, 3, 75.00),
(331, 135, 4, 3, 75.00),
(332, 135, 5, 3, 75.00),
(333, 135, 4, 1, 25.00),
(334, 135, 5, 2, 50.00),
(335, 136, 2, 2, 120.00),
(336, 136, 6, 3, 60.00),
(337, 136, 2, 2, 120.00),
(338, 136, 5, 1, 25.00),
(339, 137, 2, 1, 60.00),
(340, 137, 2, 2, 120.00),
(341, 137, 6, 1, 20.00),
(342, 137, 5, 3, 75.00),
(343, 138, 7, 3, 9.00),
(344, 138, 6, 3, 60.00),
(345, 139, 7, 3, 9.00),
(346, 140, 2, 1, 60.00),
(347, 140, 5, 1, 25.00),
(348, 140, 5, 3, 75.00),
(349, 141, 1, 2, 180.00),
(350, 141, 5, 3, 75.00),
(351, 141, 5, 1, 25.00),
(352, 142, 4, 1, 25.00),
(353, 142, 5, 2, 50.00),
(354, 142, 2, 3, 180.00),
(355, 143, 2, 1, 60.00),
(356, 143, 6, 3, 60.00),
(357, 143, 7, 2, 6.00),
(358, 143, 7, 3, 9.00),
(359, 144, 4, 3, 75.00),
(360, 144, 3, 1, 55.00),
(361, 144, 5, 3, 75.00),
(362, 144, 6, 3, 60.00),
(363, 145, 7, 3, 9.00),
(364, 145, 6, 1, 20.00),
(365, 146, 5, 1, 25.00),
(366, 146, 1, 3, 270.00),
(367, 147, 7, 3, 9.00),
(368, 147, 7, 3, 9.00),
(369, 147, 3, 1, 55.00),
(370, 147, 6, 2, 40.00),
(371, 148, 1, 1, 90.00),
(372, 148, 6, 1, 20.00),
(373, 148, 3, 1, 55.00),
(374, 148, 1, 2, 180.00),
(375, 149, 1, 1, 90.00),
(376, 149, 5, 3, 75.00),
(377, 149, 4, 2, 50.00),
(378, 150, 1, 2, 180.00),
(379, 150, 5, 2, 50.00),
(380, 150, 4, 3, 75.00),
(381, 150, 5, 1, 25.00),
(382, 151, 3, 1, 55.00),
(383, 152, 3, 2, 110.00),
(384, 152, 4, 2, 50.00),
(385, 152, 1, 3, 270.00),
(386, 152, 3, 2, 110.00),
(387, 153, 7, 3, 9.00),
(388, 154, 5, 3, 75.00),
(389, 154, 1, 2, 180.00),
(390, 154, 2, 1, 60.00),
(391, 155, 1, 2, 180.00),
(392, 155, 3, 1, 55.00),
(393, 155, 2, 3, 180.00),
(394, 155, 3, 3, 165.00),
(395, 156, 7, 1, 3.00),
(396, 156, 4, 2, 50.00),
(397, 156, 3, 1, 55.00),
(398, 157, 7, 2, 6.00),
(399, 157, 2, 1, 60.00),
(400, 157, 3, 3, 165.00),
(401, 157, 1, 3, 270.00),
(402, 158, 5, 1, 25.00),
(403, 159, 3, 1, 55.00),
(404, 159, 2, 1, 60.00),
(405, 160, 4, 2, 50.00),
(406, 160, 4, 1, 25.00),
(407, 160, 4, 1, 25.00),
(408, 161, 6, 3, 60.00),
(409, 161, 2, 2, 120.00),
(410, 161, 4, 1, 25.00),
(411, 161, 6, 2, 40.00),
(412, 162, 4, 1, 25.00),
(413, 162, 5, 2, 50.00),
(414, 162, 2, 2, 120.00),
(415, 163, 3, 2, 110.00),
(416, 163, 5, 1, 25.00),
(417, 163, 7, 2, 6.00),
(418, 163, 6, 2, 40.00),
(419, 164, 7, 1, 3.00),
(420, 165, 2, 1, 60.00),
(421, 165, 1, 1, 90.00),
(422, 166, 3, 2, 110.00),
(423, 166, 7, 1, 3.00),
(424, 167, 7, 3, 9.00),
(425, 167, 4, 3, 75.00),
(426, 167, 6, 3, 60.00),
(427, 167, 2, 1, 60.00),
(428, 168, 4, 1, 25.00),
(429, 168, 1, 1, 90.00),
(430, 169, 6, 2, 40.00),
(431, 169, 7, 1, 3.00),
(432, 169, 4, 3, 75.00),
(433, 169, 6, 2, 40.00),
(434, 170, 7, 1, 3.00),
(435, 171, 1, 1, 90.00),
(436, 171, 4, 3, 75.00),
(437, 171, 7, 3, 9.00),
(438, 172, 3, 3, 165.00),
(439, 172, 1, 1, 90.00),
(440, 173, 7, 1, 3.00),
(441, 173, 2, 3, 180.00),
(442, 174, 4, 2, 50.00),
(443, 174, 3, 2, 110.00),
(444, 175, 3, 2, 110.00),
(445, 175, 2, 2, 120.00),
(446, 175, 1, 3, 270.00),
(447, 175, 1, 2, 180.00),
(448, 176, 5, 2, 50.00),
(449, 176, 1, 1, 90.00),
(450, 176, 6, 3, 60.00),
(451, 176, 5, 3, 75.00),
(452, 177, 3, 1, 55.00),
(453, 177, 2, 3, 180.00),
(454, 177, 5, 1, 25.00),
(455, 178, 5, 1, 25.00),
(456, 178, 7, 3, 9.00),
(457, 178, 5, 1, 25.00),
(458, 178, 1, 1, 90.00),
(459, 179, 1, 1, 90.00),
(460, 180, 4, 2, 50.00),
(461, 180, 2, 2, 120.00),
(462, 180, 3, 2, 110.00),
(463, 180, 4, 1, 25.00),
(464, 181, 5, 1, 25.00),
(465, 182, 3, 2, 110.00),
(466, 182, 1, 2, 180.00),
(467, 183, 6, 2, 40.00),
(468, 184, 4, 1, 25.00),
(469, 184, 2, 2, 120.00),
(470, 185, 6, 3, 60.00),
(471, 185, 1, 3, 270.00),
(472, 185, 5, 1, 25.00),
(473, 185, 6, 2, 40.00),
(474, 186, 6, 3, 60.00),
(475, 187, 5, 1, 25.00),
(476, 187, 6, 2, 40.00),
(477, 187, 2, 1, 60.00),
(478, 188, 4, 1, 25.00),
(479, 188, 3, 3, 165.00),
(480, 189, 3, 3, 165.00),
(481, 189, 4, 1, 25.00),
(482, 190, 7, 3, 9.00),
(483, 190, 2, 1, 60.00),
(484, 190, 7, 1, 3.00),
(485, 190, 1, 3, 270.00),
(486, 191, 6, 2, 40.00),
(487, 191, 7, 3, 9.00),
(488, 192, 7, 3, 9.00),
(489, 193, 5, 2, 50.00),
(490, 193, 2, 2, 120.00),
(491, 193, 2, 3, 180.00),
(492, 193, 7, 3, 9.00),
(493, 194, 6, 1, 20.00),
(494, 195, 1, 2, 180.00),
(495, 195, 6, 1, 20.00),
(496, 196, 3, 2, 110.00),
(497, 196, 4, 1, 25.00),
(498, 197, 4, 1, 25.00),
(499, 197, 1, 1, 90.00),
(500, 197, 5, 1, 25.00),
(501, 198, 7, 3, 9.00),
(502, 198, 6, 3, 60.00),
(503, 199, 2, 2, 120.00),
(504, 199, 6, 1, 20.00),
(505, 199, 7, 2, 6.00),
(506, 199, 1, 2, 180.00),
(507, 200, 3, 1, 55.00),
(508, 200, 2, 3, 180.00),
(509, 201, 5, 2, 50.00),
(510, 201, 6, 2, 40.00),
(511, 201, 3, 3, 165.00),
(512, 202, 5, 2, 50.00),
(513, 203, 5, 2, 50.00),
(514, 203, 6, 3, 60.00),
(515, 204, 6, 2, 40.00),
(516, 204, 6, 1, 20.00),
(517, 204, 7, 1, 3.00),
(518, 204, 5, 2, 50.00),
(519, 205, 7, 3, 9.00),
(520, 206, 5, 3, 75.00),
(521, 207, 4, 2, 50.00),
(522, 207, 2, 3, 180.00),
(523, 208, 1, 3, 270.00),
(524, 208, 1, 2, 180.00),
(525, 208, 3, 1, 55.00),
(526, 209, 7, 1, 3.00),
(527, 209, 5, 3, 75.00),
(528, 210, 5, 1, 25.00),
(529, 211, 6, 2, 40.00),
(530, 211, 1, 1, 90.00),
(531, 212, 6, 3, 60.00),
(532, 212, 4, 2, 50.00),
(533, 212, 2, 1, 60.00),
(534, 212, 1, 2, 180.00),
(535, 213, 5, 2, 50.00),
(536, 213, 4, 3, 75.00),
(537, 213, 5, 2, 50.00),
(538, 213, 1, 2, 180.00),
(539, 214, 3, 3, 165.00),
(540, 214, 2, 2, 120.00),
(541, 214, 6, 3, 60.00),
(542, 215, 1, 1, 90.00),
(543, 215, 6, 3, 60.00),
(544, 215, 5, 3, 75.00),
(545, 216, 3, 2, 110.00),
(546, 216, 2, 2, 120.00),
(547, 216, 1, 3, 270.00),
(548, 217, 4, 3, 75.00),
(549, 217, 6, 2, 40.00),
(550, 217, 2, 1, 60.00),
(551, 217, 5, 1, 25.00),
(552, 218, 4, 1, 25.00),
(553, 218, 6, 2, 40.00),
(554, 218, 5, 1, 25.00),
(555, 218, 6, 3, 60.00),
(556, 219, 3, 3, 165.00),
(557, 219, 1, 2, 180.00),
(558, 220, 4, 2, 50.00),
(559, 220, 6, 2, 40.00),
(560, 220, 7, 2, 6.00),
(561, 220, 1, 2, 180.00),
(562, 221, 1, 3, 270.00),
(563, 221, 7, 2, 6.00),
(564, 221, 2, 1, 60.00),
(565, 222, 1, 2, 180.00),
(566, 223, 1, 2, 180.00),
(567, 223, 5, 2, 50.00),
(568, 223, 7, 1, 3.00),
(569, 223, 6, 2, 40.00),
(570, 224, 6, 3, 60.00),
(571, 224, 2, 1, 60.00),
(572, 225, 1, 1, 90.00),
(573, 225, 5, 1, 25.00),
(574, 225, 1, 1, 90.00),
(575, 226, 2, 3, 180.00),
(576, 226, 1, 2, 180.00),
(577, 227, 5, 2, 50.00),
(578, 227, 4, 3, 75.00),
(579, 227, 1, 2, 180.00),
(580, 227, 4, 3, 75.00),
(581, 228, 3, 1, 55.00),
(582, 228, 5, 1, 25.00),
(583, 228, 7, 3, 9.00),
(584, 229, 6, 3, 60.00),
(585, 229, 6, 3, 60.00),
(586, 229, 5, 3, 75.00),
(587, 229, 2, 3, 180.00),
(588, 230, 4, 3, 75.00),
(589, 231, 5, 2, 50.00),
(590, 231, 5, 1, 25.00),
(591, 231, 7, 1, 3.00),
(592, 231, 5, 3, 75.00),
(593, 232, 1, 2, 180.00),
(594, 232, 5, 2, 50.00),
(595, 233, 7, 3, 9.00),
(596, 233, 4, 3, 75.00),
(597, 233, 5, 1, 25.00),
(598, 234, 1, 2, 180.00),
(599, 235, 3, 1, 55.00),
(600, 236, 6, 1, 20.00),
(601, 237, 5, 3, 75.00),
(602, 237, 4, 3, 75.00),
(603, 237, 5, 1, 25.00),
(604, 238, 6, 2, 40.00),
(605, 238, 3, 2, 110.00),
(606, 238, 1, 3, 270.00),
(607, 239, 3, 1, 55.00),
(608, 239, 4, 2, 50.00),
(609, 240, 1, 1, 90.00),
(610, 241, 7, 1, 3.00),
(611, 241, 3, 2, 110.00),
(612, 242, 6, 2, 40.00),
(613, 242, 5, 1, 25.00),
(614, 242, 5, 2, 50.00),
(615, 243, 3, 1, 55.00),
(616, 243, 6, 2, 40.00),
(617, 243, 1, 2, 180.00),
(618, 244, 5, 3, 75.00),
(619, 245, 6, 1, 20.00),
(620, 246, 4, 1, 25.00),
(621, 246, 2, 1, 60.00),
(622, 246, 7, 1, 3.00),
(623, 247, 3, 1, 55.00),
(624, 247, 3, 1, 55.00),
(625, 248, 3, 2, 110.00),
(626, 248, 2, 1, 60.00),
(627, 248, 2, 2, 120.00),
(628, 248, 1, 1, 90.00),
(629, 249, 5, 2, 50.00),
(630, 249, 4, 3, 75.00),
(631, 249, 7, 3, 9.00),
(632, 250, 2, 2, 120.00),
(633, 250, 1, 3, 270.00),
(634, 251, 5, 1, 25.00),
(635, 251, 7, 1, 3.00),
(636, 251, 1, 2, 180.00),
(637, 252, 6, 3, 60.00),
(638, 252, 3, 3, 165.00),
(639, 253, 2, 1, 60.00),
(640, 253, 4, 1, 25.00),
(641, 254, 3, 1, 55.00),
(642, 254, 4, 3, 75.00),
(643, 254, 1, 3, 270.00),
(644, 254, 6, 1, 20.00),
(645, 255, 5, 3, 75.00),
(646, 255, 2, 2, 120.00),
(647, 255, 4, 2, 50.00),
(648, 255, 2, 1, 60.00),
(649, 256, 1, 2, 180.00),
(650, 256, 3, 1, 55.00),
(651, 256, 4, 1, 25.00),
(652, 257, 1, 2, 180.00),
(653, 257, 4, 1, 25.00),
(654, 257, 3, 1, 55.00),
(655, 257, 6, 1, 20.00),
(656, 258, 1, 3, 270.00),
(657, 258, 5, 2, 50.00),
(658, 259, 3, 3, 165.00),
(659, 259, 6, 3, 60.00),
(660, 259, 3, 2, 110.00),
(661, 260, 6, 3, 60.00),
(662, 261, 5, 1, 25.00),
(663, 261, 3, 1, 55.00),
(664, 262, 5, 3, 75.00),
(665, 262, 2, 3, 180.00),
(666, 262, 7, 3, 9.00),
(667, 262, 7, 3, 9.00),
(668, 263, 4, 2, 50.00),
(669, 263, 1, 3, 270.00),
(670, 264, 2, 3, 180.00),
(671, 264, 5, 1, 25.00),
(672, 264, 2, 3, 180.00),
(673, 265, 1, 3, 270.00),
(674, 265, 7, 3, 9.00),
(675, 266, 7, 3, 9.00),
(676, 267, 6, 2, 40.00),
(677, 267, 3, 1, 55.00),
(678, 267, 3, 1, 55.00),
(679, 268, 6, 2, 40.00),
(680, 269, 7, 3, 9.00),
(681, 270, 7, 3, 9.00),
(682, 270, 5, 1, 25.00),
(683, 270, 6, 2, 40.00),
(684, 271, 2, 2, 120.00),
(685, 271, 7, 3, 9.00),
(686, 272, 3, 3, 165.00),
(687, 272, 2, 1, 60.00),
(688, 272, 5, 3, 75.00),
(689, 272, 2, 3, 180.00),
(690, 273, 5, 1, 25.00),
(691, 273, 7, 1, 3.00),
(692, 274, 6, 3, 60.00),
(693, 274, 2, 2, 120.00),
(694, 275, 1, 2, 180.00),
(695, 276, 6, 3, 60.00),
(696, 276, 3, 3, 165.00),
(697, 277, 4, 3, 75.00),
(698, 278, 6, 3, 60.00),
(699, 279, 6, 2, 40.00),
(700, 279, 7, 3, 9.00),
(701, 279, 1, 1, 90.00),
(702, 279, 6, 1, 20.00),
(703, 280, 1, 2, 180.00),
(704, 280, 7, 1, 3.00),
(705, 280, 1, 1, 90.00),
(706, 281, 2, 1, 60.00),
(707, 281, 5, 3, 75.00),
(708, 281, 5, 1, 25.00),
(709, 281, 1, 3, 270.00),
(710, 282, 2, 1, 60.00),
(711, 283, 3, 2, 110.00),
(712, 283, 4, 2, 50.00),
(713, 283, 1, 1, 90.00),
(714, 283, 3, 3, 165.00),
(715, 284, 2, 3, 180.00),
(716, 284, 2, 3, 180.00),
(717, 284, 3, 1, 55.00),
(718, 285, 3, 1, 55.00),
(719, 285, 1, 2, 180.00),
(720, 285, 3, 3, 165.00),
(721, 286, 1, 1, 90.00),
(722, 286, 3, 1, 55.00),
(723, 286, 5, 1, 25.00),
(724, 286, 7, 3, 9.00),
(725, 287, 4, 2, 50.00),
(726, 288, 7, 3, 9.00),
(727, 288, 4, 2, 50.00),
(728, 289, 4, 1, 25.00),
(729, 290, 5, 1, 25.00),
(730, 290, 6, 1, 20.00),
(731, 290, 3, 2, 110.00),
(732, 291, 3, 1, 55.00),
(733, 292, 4, 3, 75.00),
(734, 292, 7, 1, 3.00),
(735, 292, 1, 2, 180.00),
(736, 293, 3, 2, 110.00),
(737, 293, 4, 1, 25.00),
(738, 293, 6, 2, 40.00),
(739, 293, 1, 1, 90.00),
(740, 294, 2, 3, 180.00),
(741, 295, 7, 3, 9.00),
(742, 296, 6, 1, 20.00),
(743, 297, 2, 1, 60.00),
(744, 297, 4, 2, 50.00),
(745, 297, 7, 2, 6.00),
(746, 297, 1, 3, 270.00),
(747, 298, 1, 1, 90.00),
(748, 299, 3, 1, 55.00),
(749, 299, 5, 3, 75.00),
(750, 299, 7, 3, 9.00),
(751, 300, 5, 1, 25.00),
(752, 300, 3, 1, 55.00),
(753, 300, 1, 2, 180.00),
(754, 301, 2, 3, 180.00),
(755, 301, 7, 1, 3.00),
(756, 301, 1, 1, 90.00),
(757, 302, 4, 2, 50.00),
(758, 302, 2, 1, 60.00),
(759, 302, 1, 3, 270.00),
(760, 303, 2, 2, 120.00),
(761, 304, 3, 3, 165.00),
(762, 304, 7, 1, 3.00),
(763, 305, 3, 2, 110.00),
(764, 305, 1, 3, 270.00),
(765, 305, 4, 2, 50.00),
(766, 306, 2, 3, 180.00),
(767, 306, 7, 3, 9.00),
(768, 306, 2, 2, 120.00),
(769, 306, 6, 3, 60.00),
(770, 307, 6, 3, 60.00),
(771, 308, 7, 3, 9.00),
(772, 308, 5, 2, 50.00),
(773, 308, 1, 2, 180.00),
(774, 309, 5, 3, 75.00),
(775, 310, 6, 2, 40.00),
(776, 311, 4, 1, 25.00),
(777, 311, 3, 3, 165.00),
(778, 312, 1, 2, 180.00),
(779, 312, 7, 2, 6.00),
(780, 312, 7, 2, 6.00),
(781, 312, 6, 2, 40.00),
(782, 313, 3, 3, 165.00),
(783, 313, 4, 3, 75.00),
(784, 313, 1, 1, 90.00),
(785, 314, 3, 1, 55.00),
(786, 314, 4, 1, 25.00),
(787, 314, 6, 1, 20.00),
(788, 314, 2, 2, 120.00),
(789, 315, 5, 1, 25.00),
(790, 315, 1, 1, 90.00),
(791, 316, 1, 1, 90.00),
(792, 316, 3, 2, 110.00),
(793, 316, 2, 3, 180.00),
(794, 317, 2, 1, 60.00),
(795, 318, 6, 2, 40.00),
(796, 318, 4, 1, 25.00),
(797, 319, 1, 3, 270.00),
(798, 320, 2, 1, 60.00),
(799, 320, 5, 2, 50.00),
(800, 320, 6, 1, 20.00),
(801, 320, 6, 3, 60.00),
(802, 321, 5, 1, 25.00),
(803, 322, 3, 2, 110.00),
(804, 322, 5, 3, 75.00),
(805, 323, 2, 2, 120.00),
(806, 323, 3, 2, 110.00),
(807, 324, 6, 3, 60.00),
(808, 324, 1, 1, 90.00),
(809, 324, 7, 3, 9.00),
(810, 324, 1, 3, 270.00),
(811, 325, 3, 3, 165.00),
(812, 326, 6, 2, 40.00),
(813, 326, 2, 3, 180.00),
(814, 327, 7, 2, 6.00),
(815, 328, 2, 1, 60.00),
(816, 328, 1, 1, 90.00),
(817, 328, 3, 1, 55.00),
(818, 328, 3, 3, 165.00),
(819, 329, 5, 1, 25.00),
(820, 329, 4, 2, 50.00),
(821, 329, 3, 3, 165.00),
(822, 329, 5, 2, 50.00),
(823, 330, 7, 2, 6.00),
(824, 331, 4, 3, 75.00),
(825, 331, 5, 1, 25.00),
(826, 331, 6, 2, 40.00),
(827, 332, 7, 3, 9.00),
(828, 333, 7, 3, 9.00),
(829, 334, 6, 1, 20.00),
(830, 334, 1, 1, 90.00),
(831, 334, 1, 3, 270.00),
(832, 334, 7, 1, 3.00),
(833, 335, 1, 2, 180.00),
(834, 336, 1, 1, 90.00),
(835, 336, 6, 1, 20.00),
(836, 336, 1, 3, 270.00),
(837, 337, 4, 2, 50.00),
(838, 337, 3, 3, 165.00),
(839, 337, 1, 3, 270.00),
(840, 338, 1, 1, 90.00),
(841, 338, 2, 2, 120.00),
(842, 338, 3, 3, 165.00),
(843, 338, 6, 3, 60.00),
(844, 339, 4, 1, 25.00),
(845, 340, 2, 1, 60.00),
(846, 340, 1, 2, 180.00),
(847, 340, 3, 3, 165.00),
(848, 340, 2, 1, 60.00),
(849, 341, 1, 3, 270.00),
(850, 341, 4, 2, 50.00),
(851, 341, 4, 2, 50.00),
(852, 342, 3, 2, 110.00),
(853, 343, 6, 2, 40.00),
(854, 343, 2, 2, 120.00),
(855, 343, 6, 1, 20.00),
(856, 344, 1, 3, 270.00),
(857, 344, 3, 1, 55.00),
(858, 345, 6, 2, 40.00),
(859, 346, 3, 1, 55.00),
(860, 346, 3, 1, 55.00),
(861, 346, 6, 2, 40.00),
(862, 347, 5, 3, 75.00),
(863, 347, 1, 1, 90.00),
(864, 347, 4, 1, 25.00),
(865, 348, 7, 3, 9.00),
(866, 348, 5, 1, 25.00),
(867, 348, 1, 2, 180.00),
(868, 349, 2, 3, 180.00),
(869, 350, 5, 3, 75.00),
(870, 350, 3, 3, 165.00),
(871, 350, 1, 1, 90.00),
(872, 351, 5, 1, 25.00),
(873, 351, 2, 3, 180.00),
(874, 352, 4, 3, 75.00),
(875, 353, 2, 2, 120.00),
(876, 354, 6, 3, 60.00),
(877, 354, 2, 2, 120.00),
(878, 355, 1, 1, 90.00),
(879, 355, 4, 3, 75.00),
(880, 356, 3, 1, 55.00),
(881, 357, 5, 3, 75.00),
(882, 358, 6, 1, 20.00),
(883, 359, 3, 1, 55.00),
(884, 359, 2, 3, 180.00),
(885, 359, 1, 2, 180.00),
(886, 359, 5, 1, 25.00),
(887, 360, 7, 2, 6.00),
(888, 360, 1, 2, 180.00),
(889, 361, 7, 3, 9.00),
(890, 361, 4, 3, 75.00),
(891, 361, 3, 2, 110.00),
(892, 362, 1, 2, 180.00),
(893, 362, 4, 1, 25.00),
(894, 362, 5, 3, 75.00),
(895, 363, 1, 1, 90.00),
(896, 363, 3, 3, 165.00),
(897, 364, 5, 3, 75.00),
(898, 365, 1, 2, 180.00),
(899, 365, 5, 2, 50.00),
(900, 365, 2, 1, 60.00),
(901, 365, 1, 1, 90.00),
(902, 366, 6, 3, 60.00),
(903, 367, 3, 1, 55.00),
(904, 367, 2, 3, 180.00),
(905, 368, 2, 3, 180.00),
(906, 368, 1, 1, 90.00),
(907, 369, 3, 1, 55.00),
(908, 369, 7, 3, 9.00),
(909, 369, 1, 2, 180.00),
(910, 369, 1, 3, 270.00),
(911, 370, 5, 1, 25.00),
(912, 370, 6, 3, 60.00),
(913, 370, 3, 3, 165.00),
(914, 370, 6, 1, 20.00),
(915, 371, 5, 1, 25.00),
(916, 371, 6, 2, 40.00),
(917, 371, 6, 3, 60.00),
(918, 371, 2, 1, 60.00),
(919, 372, 2, 3, 180.00),
(920, 372, 1, 3, 270.00),
(921, 372, 7, 3, 9.00),
(922, 373, 3, 2, 110.00),
(923, 374, 3, 3, 165.00),
(924, 374, 2, 3, 180.00),
(925, 374, 4, 1, 25.00),
(926, 375, 1, 2, 180.00),
(927, 375, 7, 3, 9.00),
(928, 376, 7, 1, 3.00),
(929, 376, 2, 3, 180.00),
(930, 376, 2, 2, 120.00),
(931, 377, 4, 2, 50.00),
(932, 378, 2, 3, 180.00),
(933, 378, 6, 2, 40.00),
(934, 379, 1, 3, 270.00),
(935, 379, 5, 3, 75.00),
(936, 380, 3, 2, 110.00),
(937, 381, 7, 1, 3.00),
(938, 381, 4, 1, 25.00),
(939, 381, 5, 1, 25.00),
(940, 381, 7, 3, 9.00),
(941, 382, 4, 3, 75.00),
(942, 383, 1, 2, 180.00),
(943, 384, 1, 3, 270.00),
(944, 385, 1, 2, 180.00),
(945, 385, 3, 3, 165.00),
(946, 385, 2, 2, 120.00),
(947, 385, 2, 3, 180.00),
(948, 386, 7, 1, 3.00),
(949, 386, 4, 1, 25.00),
(950, 387, 5, 3, 75.00),
(951, 387, 6, 3, 60.00),
(952, 388, 7, 2, 6.00),
(953, 388, 1, 2, 180.00),
(954, 388, 4, 2, 50.00),
(955, 389, 4, 1, 25.00),
(956, 390, 4, 1, 25.00),
(957, 390, 7, 2, 6.00),
(958, 390, 7, 2, 6.00),
(959, 390, 4, 2, 50.00),
(960, 391, 2, 3, 180.00),
(961, 391, 3, 3, 165.00),
(962, 392, 2, 1, 60.00),
(963, 392, 7, 3, 9.00),
(964, 393, 6, 1, 20.00),
(965, 393, 4, 1, 25.00),
(966, 393, 1, 2, 180.00),
(967, 394, 6, 2, 40.00),
(968, 395, 3, 3, 165.00),
(969, 395, 4, 3, 75.00),
(970, 395, 1, 3, 270.00),
(971, 396, 2, 2, 120.00),
(972, 397, 6, 2, 40.00),
(973, 397, 3, 2, 110.00),
(974, 397, 4, 2, 50.00),
(975, 397, 1, 2, 180.00),
(976, 398, 1, 1, 90.00),
(977, 399, 4, 2, 50.00),
(978, 399, 4, 1, 25.00),
(979, 399, 7, 3, 9.00),
(980, 400, 2, 2, 120.00),
(981, 400, 4, 3, 75.00),
(982, 400, 1, 2, 180.00),
(983, 400, 1, 1, 90.00),
(984, 401, 7, 3, 9.00),
(985, 402, 4, 1, 25.00),
(986, 403, 6, 2, 40.00),
(987, 403, 4, 2, 50.00),
(988, 404, 2, 3, 180.00),
(989, 405, 3, 3, 165.00),
(990, 406, 7, 1, 3.00),
(991, 406, 5, 1, 25.00),
(992, 407, 6, 1, 20.00),
(993, 407, 2, 1, 60.00),
(994, 407, 6, 1, 20.00),
(995, 408, 7, 1, 3.00),
(996, 408, 5, 3, 75.00),
(997, 408, 4, 1, 25.00),
(998, 409, 6, 1, 20.00),
(999, 410, 7, 3, 9.00),
(1000, 410, 6, 1, 20.00),
(1001, 410, 2, 1, 60.00),
(1002, 410, 4, 1, 25.00),
(1003, 411, 6, 3, 60.00),
(1004, 411, 6, 3, 60.00),
(1005, 412, 5, 3, 75.00),
(1006, 412, 5, 3, 75.00),
(1007, 412, 7, 1, 3.00),
(1008, 413, 4, 3, 75.00),
(1009, 413, 7, 1, 3.00),
(1010, 413, 6, 2, 40.00),
(1011, 414, 7, 3, 9.00),
(1012, 414, 1, 2, 180.00),
(1013, 414, 6, 1, 20.00),
(1014, 415, 3, 3, 165.00),
(1015, 416, 6, 3, 60.00),
(1016, 416, 5, 3, 75.00),
(1017, 417, 2, 3, 180.00),
(1018, 418, 5, 1, 25.00),
(1019, 418, 1, 3, 270.00),
(1020, 419, 3, 1, 55.00),
(1021, 419, 1, 2, 180.00),
(1022, 419, 5, 1, 25.00),
(1023, 419, 1, 3, 270.00),
(1024, 420, 6, 3, 60.00),
(1025, 420, 2, 3, 180.00),
(1026, 420, 1, 3, 270.00),
(1027, 420, 7, 1, 3.00),
(1028, 421, 5, 1, 25.00),
(1029, 421, 1, 3, 270.00),
(1030, 421, 7, 3, 9.00),
(1031, 421, 3, 2, 110.00),
(1032, 422, 3, 2, 110.00),
(1033, 422, 4, 2, 50.00),
(1034, 422, 5, 1, 25.00),
(1035, 422, 1, 2, 180.00),
(1036, 423, 4, 1, 25.00),
(1037, 424, 6, 1, 20.00),
(1038, 424, 5, 3, 75.00),
(1039, 425, 7, 3, 9.00),
(1040, 425, 1, 1, 90.00),
(1041, 425, 2, 2, 120.00),
(1042, 426, 6, 2, 40.00),
(1043, 427, 7, 3, 9.00),
(1044, 427, 4, 1, 25.00),
(1045, 428, 4, 2, 50.00),
(1046, 428, 1, 3, 270.00),
(1047, 428, 1, 2, 180.00),
(1048, 428, 6, 3, 60.00),
(1049, 429, 1, 2, 180.00),
(1050, 429, 3, 3, 165.00),
(1051, 430, 3, 2, 110.00),
(1052, 430, 7, 1, 3.00),
(1053, 430, 5, 2, 50.00),
(1054, 430, 7, 2, 6.00),
(1055, 431, 7, 2, 6.00),
(1056, 431, 5, 3, 75.00),
(1057, 431, 2, 2, 120.00),
(1058, 432, 4, 1, 25.00),
(1059, 432, 7, 1, 3.00),
(1060, 432, 2, 2, 120.00),
(1061, 433, 1, 3, 270.00),
(1062, 433, 1, 3, 270.00),
(1063, 434, 7, 1, 3.00),
(1064, 434, 2, 3, 180.00),
(1065, 434, 2, 3, 180.00),
(1066, 434, 7, 2, 6.00),
(1067, 435, 7, 2, 6.00),
(1068, 435, 1, 1, 90.00),
(1069, 436, 7, 1, 3.00),
(1070, 437, 1, 3, 270.00),
(1071, 437, 4, 1, 25.00),
(1072, 437, 6, 1, 20.00),
(1073, 437, 7, 2, 6.00),
(1074, 438, 5, 3, 75.00),
(1075, 439, 7, 2, 6.00),
(1076, 439, 4, 2, 50.00),
(1077, 439, 1, 3, 270.00),
(1078, 440, 7, 1, 3.00),
(1079, 440, 1, 1, 90.00),
(1080, 440, 3, 3, 165.00),
(1081, 440, 2, 2, 120.00);

-- --------------------------------------------------------

--
-- Estructura de tabla para la tabla `ingredientes`
--

CREATE TABLE `ingredientes` (
  `id_producto` int(5) NOT NULL,
  `nombre` text NOT NULL,
  `descripcion` text NOT NULL,
  `cantidad` decimal(5,2) UNSIGNED NOT NULL,
  `unidad` text NOT NULL,
  `precio` decimal(6,2) UNSIGNED NOT NULL,
  `fecha_caducidad` date NOT NULL,
  `id_proveedor` int(5) NOT NULL
) ENGINE=InnoDB DEFAULT CHARSET=utf8mb4 COLLATE=utf8mb4_general_ci;

--
-- Volcado de datos para la tabla `ingredientes`
--

INSERT INTO `ingredientes` (`id_producto`, `nombre`, `descripcion`, `cantidad`, `unidad`, `precio`, `fecha_caducidad`, `id_proveedor`) VALUES
(7, 'Pan Hamburguesa', 'Pan', 90.00, 'piezas', 58.00, '2026-12-17', 5),
(8, 'Carne Hamburguesa', 'Carne', 10.00, 'kg', 140.00, '2025-12-13', 6),
(10, 'Lechuga', 'Lechuga', 8.00, 'piezas', 22.00, '2025-12-11', 7),
(11, 'Jamon', 'Jamon', 10.00, 'kg', 100.00, '2025-12-11', 7),
(12, 'Cebolla', 'Cebolla', 10.00, 'kg', 15.00, '2025-12-11', 7),
(13, 'Tomate', 'Tomate', 50.00, 'kg', 15.00, '2025-12-11', 7),
(14, 'Tocino', 'Tocino', 10.00, 'kg', 220.00, '2025-12-11', 7);

-- --------------------------------------------------------

--
-- Estructura de tabla para la tabla `productos`
--

CREATE TABLE `productos` (
  `id_menu` int(5) NOT NULL,
  `nombre` text NOT NULL,
  `precio` decimal(5,2) UNSIGNED NOT NULL
) ENGINE=InnoDB DEFAULT CHARSET=utf8mb4 COLLATE=utf8mb4_general_ci;

--
-- Volcado de datos para la tabla `productos`
--

INSERT INTO `productos` (`id_menu`, `nombre`, `precio`) VALUES
(1, 'Hamburguesa doble', 90.00),
(2, 'Hamburguesa especial', 60.00),
(3, 'Hamburguesa sencilla', 55.00),
(4, 'Hot dog', 25.00),
(5, 'Refresco ', 25.00),
(6, 'Agua', 20.00),
(7, 'Ingrediente extra', 3.00);

-- --------------------------------------------------------

--
-- Estructura de tabla para la tabla `proveedores`
--

CREATE TABLE `proveedores` (
  `id_proveedor` int(5) NOT NULL,
  `nombre_empresa` text NOT NULL,
  `nombre_contacto` text NOT NULL COMMENT 'Nombre del contacto',
  `telefono` varchar(15) NOT NULL,
  `direccion` text NOT NULL
) ENGINE=InnoDB DEFAULT CHARSET=utf8mb4 COLLATE=utf8mb4_general_ci;

--
-- Volcado de datos para la tabla `proveedores`
--

INSERT INTO `proveedores` (`id_proveedor`, `nombre_empresa`, `nombre_contacto`, `telefono`, `direccion`) VALUES
(5, 'Panaderia La Paz', 'Panaderia La Paz', '618 128 3910', 'PRIMO DE VERDAD # 206, 34120 DURANGO, Durango '),
(6, 'La Tosca', 'La Tosca', '618 812 0304', 'Cll Belisario Domínguez 124 de Analco, 34138'),
(7, 'Cremería El Güero', 'Cremería El Güero', '618 185 7897', 'Pasteur 115, 34000 Durango, Durango');

-- --------------------------------------------------------

--
-- Estructura de tabla para la tabla `usuarios`
--

CREATE TABLE `usuarios` (
  `id_usuario` int(2) NOT NULL,
  `nombre` text NOT NULL,
  `apellido_paterno` text NOT NULL,
  `apellido_materno` text NOT NULL,
  `correo` varchar(30) NOT NULL,
  `password` char(64) NOT NULL,
  `fecha_registro` datetime NOT NULL DEFAULT current_timestamp(),
  `Rol` text NOT NULL
) ENGINE=InnoDB DEFAULT CHARSET=utf8mb4 COLLATE=utf8mb4_general_ci;

--
-- Volcado de datos para la tabla `usuarios`
--

INSERT INTO `usuarios` (`id_usuario`, `nombre`, `apellido_paterno`, `apellido_materno`, `correo`, `password`, `fecha_registro`, `Rol`) VALUES
(1, 'prueba', '1', '', 'ola', '55a9f4f8994b1bbf2058ea38c8efb6c459000814d5f39c087002571639e6230e', '2025-11-16 15:09:46', 'Admin'),
(2, 'nombre', 'apellido', '', 'admin@gmail.com', '55a9f4f8994b1bbf2058ea38c8efb6c459000814d5f39c087002571639e6230e', '2025-11-21 10:44:16', 'Admin'),
(4, 'adrian', 'rangel', '', 'adrian@gmail.com', '03ac674216f3e15c761ee1a5e255f067953623c8b388b4459e13f978d7c846f4', '2025-11-23 10:07:41', 'Admin'),
(8, 'Alejandro', 'Karlo', 'Chavez', 'Karlo.adr@outlook.com', '0ffe1abd1a08215353c233d6e009613e95eec4253832a761af28ff37ac5a150c', '2025-11-23 10:21:55', 'Colaborador'),
(9, 'Carlos', 'Rivera', 'Torres', 'rivera@hotmai.com', '5994471abb01112afcc18159f6cc74b4f511b99806da59b3caf5a9c173cacfc5', '2025-11-30 12:14:09', 'Colaborador'),
(10, 'Enrique', 'Perez', '', 'Perezz@gmail.com', '36bbe50ed96841d10443bcb670d6554f0a34b761be67ec9c4a8ad2c0c44ca42c', '2025-11-30 12:27:04', 'Admin');

-- --------------------------------------------------------

--
-- Estructura de tabla para la tabla `ventas`
--

CREATE TABLE `ventas` (
  `id_venta` int(5) NOT NULL,
  `fecha_venta` date NOT NULL DEFAULT current_timestamp(),
  `hora_venta` time NOT NULL,
  `total_venta` decimal(6,2) UNSIGNED NOT NULL
) ENGINE=InnoDB DEFAULT CHARSET=utf8mb4 COLLATE=utf8mb4_general_ci;

--
-- Volcado de datos para la tabla `ventas`
--

INSERT INTO `ventas` (`id_venta`, `fecha_venta`, `hora_venta`, `total_venta`) VALUES
(1, '2025-09-12', '21:21:00', 145.00),
(2, '2025-09-12', '23:44:00', 260.00),
(3, '2025-09-12', '19:12:00', 26.00),
(4, '2025-09-13', '20:50:00', 185.00),
(5, '2025-09-13', '22:47:00', 345.00),
(6, '2025-09-13', '19:46:00', 234.00),
(7, '2025-09-13', '21:40:00', 165.00),
(8, '2025-09-13', '20:13:00', 424.00),
(9, '2025-09-14', '19:02:00', 379.00),
(10, '2025-09-14', '23:33:00', 25.00),
(11, '2025-09-14', '22:13:00', 190.00),
(12, '2025-09-15', '19:21:00', 240.00),
(13, '2025-09-15', '20:46:00', 115.00),
(14, '2025-09-15', '20:27:00', 121.00),
(15, '2025-09-16', '22:22:00', 165.00),
(16, '2025-09-16', '23:09:00', 410.00),
(17, '2025-09-16', '21:40:00', 420.00),
(18, '2025-09-16', '21:44:00', 220.00),
(19, '2025-09-16', '20:58:00', 174.00),
(20, '2025-09-17', '22:19:00', 205.00),
(21, '2025-09-17', '23:50:00', 400.00),
(22, '2025-09-17', '21:03:00', 245.00),
(23, '2025-09-17', '20:36:00', 180.00),
(24, '2025-09-17', '22:50:00', 69.00),
(25, '2025-09-18', '21:10:00', 615.00),
(26, '2025-09-18', '22:53:00', 280.00),
(27, '2025-09-18', '22:39:00', 248.00),
(28, '2025-09-18', '21:25:00', 140.00),
(29, '2025-09-18', '23:09:00', 180.00),
(30, '2025-09-19', '22:06:00', 440.00),
(31, '2025-09-19', '19:54:00', 60.00),
(32, '2025-09-19', '22:25:00', 290.00),
(33, '2025-09-20', '21:03:00', 90.00),
(34, '2025-09-20', '19:00:00', 95.00),
(35, '2025-09-20', '23:23:00', 265.00),
(36, '2025-09-20', '23:55:00', 170.00),
(37, '2025-09-20', '19:07:00', 110.00),
(38, '2025-09-20', '22:45:00', 25.00),
(39, '2025-09-21', '22:38:00', 125.00),
(40, '2025-09-21', '19:04:00', 276.00),
(41, '2025-09-21', '22:40:00', 293.00),
(42, '2025-09-21', '19:25:00', 106.00),
(43, '2025-09-21', '19:41:00', 120.00),
(44, '2025-09-22', '23:54:00', 50.00),
(45, '2025-09-22', '23:23:00', 470.00),
(46, '2025-09-22', '20:39:00', 135.00),
(47, '2025-09-23', '21:23:00', 380.00),
(48, '2025-09-23', '19:30:00', 185.00),
(49, '2025-09-23', '22:48:00', 350.00),
(50, '2025-09-23', '23:54:00', 180.00),
(51, '2025-09-23', '20:49:00', 65.00),
(52, '2025-09-23', '22:16:00', 285.00),
(53, '2025-09-24', '20:43:00', 127.00),
(54, '2025-09-24', '21:04:00', 415.00),
(55, '2025-09-24', '23:42:00', 624.00),
(56, '2025-09-24', '20:13:00', 60.00),
(57, '2025-09-25', '21:21:00', 280.00),
(58, '2025-09-25', '21:14:00', 306.00),
(59, '2025-09-25', '22:24:00', 116.00),
(60, '2025-09-25', '19:57:00', 295.00),
(61, '2025-09-25', '19:25:00', 415.00),
(62, '2025-09-25', '20:46:00', 75.00),
(63, '2025-09-26', '22:22:00', 180.00),
(64, '2025-09-26', '20:03:00', 81.00),
(65, '2025-09-26', '19:14:00', 65.00),
(66, '2025-09-26', '23:20:00', 3.00),
(67, '2025-09-26', '20:20:00', 185.00),
(68, '2025-09-26', '22:27:00', 590.00),
(69, '2025-09-27', '20:45:00', 100.00),
(70, '2025-09-27', '23:39:00', 28.00),
(71, '2025-09-27', '19:13:00', 120.00),
(72, '2025-09-27', '19:04:00', 9.00),
(73, '2025-09-27', '23:36:00', 40.00),
(74, '2025-09-27', '19:19:00', 329.00),
(75, '2025-09-28', '21:00:00', 123.00),
(76, '2025-09-28', '22:09:00', 223.00),
(77, '2025-09-28', '19:24:00', 186.00),
(78, '2025-09-28', '23:08:00', 53.00),
(79, '2025-09-29', '20:44:00', 25.00),
(80, '2025-09-29', '19:53:00', 246.00),
(81, '2025-09-29', '22:26:00', 275.00),
(82, '2025-09-30', '23:10:00', 75.00),
(83, '2025-09-30', '22:02:00', 60.00),
(84, '2025-09-30', '20:08:00', 341.00),
(85, '2025-09-30', '19:34:00', 195.00),
(86, '2025-10-01', '23:01:00', 105.00),
(87, '2025-10-01', '19:52:00', 9.00),
(88, '2025-10-01', '21:23:00', 353.00),
(89, '2025-10-01', '20:24:00', 336.00),
(90, '2025-10-01', '23:34:00', 240.00),
(91, '2025-10-02', '19:40:00', 180.00),
(92, '2025-10-02', '20:39:00', 165.00),
(93, '2025-10-02', '22:26:00', 230.00),
(94, '2025-10-02', '21:42:00', 90.00),
(95, '2025-10-03', '21:06:00', 205.00),
(96, '2025-10-03', '20:46:00', 25.00),
(97, '2025-10-03', '23:33:00', 163.00),
(98, '2025-10-03', '19:15:00', 109.00),
(99, '2025-10-03', '22:58:00', 445.00),
(100, '2025-10-03', '20:00:00', 83.00),
(101, '2025-10-04', '22:58:00', 69.00),
(102, '2025-10-04', '21:40:00', 113.00),
(103, '2025-10-04', '23:41:00', 165.00),
(104, '2025-10-05', '20:38:00', 260.00),
(105, '2025-10-05', '20:16:00', 335.00),
(106, '2025-10-05', '19:03:00', 255.00),
(107, '2025-10-05', '23:53:00', 25.00),
(108, '2025-10-06', '23:43:00', 25.00),
(109, '2025-10-06', '21:51:00', 360.00),
(110, '2025-10-06', '22:36:00', 66.00),
(111, '2025-10-06', '22:02:00', 25.00),
(112, '2025-10-06', '23:02:00', 180.00),
(113, '2025-10-06', '22:14:00', 378.00),
(114, '2025-10-07', '23:27:00', 100.00),
(115, '2025-10-07', '23:27:00', 6.00),
(116, '2025-10-07', '23:22:00', 185.00),
(117, '2025-10-07', '20:26:00', 435.00),
(118, '2025-10-07', '20:07:00', 273.00),
(119, '2025-10-07', '19:24:00', 153.00),
(120, '2025-10-08', '22:30:00', 490.00),
(121, '2025-10-08', '21:48:00', 84.00),
(122, '2025-10-08', '22:59:00', 56.00),
(123, '2025-10-09', '19:49:00', 130.00),
(124, '2025-10-09', '20:53:00', 360.00),
(125, '2025-10-09', '19:51:00', 188.00),
(126, '2025-10-10', '19:29:00', 75.00),
(127, '2025-10-10', '19:16:00', 55.00),
(128, '2025-10-10', '22:18:00', 50.00),
(129, '2025-10-10', '20:35:00', 242.00),
(130, '2025-10-11', '21:04:00', 180.00),
(131, '2025-10-11', '23:02:00', 169.00),
(132, '2025-10-11', '23:46:00', 205.00),
(133, '2025-10-12', '21:39:00', 90.00),
(134, '2025-10-12', '21:33:00', 150.00),
(135, '2025-10-12', '20:14:00', 225.00),
(136, '2025-10-13', '20:04:00', 325.00),
(137, '2025-10-13', '20:24:00', 275.00),
(138, '2025-10-13', '22:48:00', 69.00),
(139, '2025-10-13', '22:31:00', 9.00),
(140, '2025-10-13', '20:18:00', 160.00),
(141, '2025-10-13', '19:00:00', 280.00),
(142, '2025-10-14', '19:45:00', 255.00),
(143, '2025-10-14', '23:44:00', 135.00),
(144, '2025-10-14', '23:56:00', 265.00),
(145, '2025-10-14', '19:53:00', 29.00),
(146, '2025-10-14', '21:54:00', 295.00),
(147, '2025-10-15', '20:32:00', 113.00),
(148, '2025-10-15', '21:30:00', 345.00),
(149, '2025-10-15', '19:07:00', 215.00),
(150, '2025-10-16', '20:23:00', 330.00),
(151, '2025-10-16', '23:40:00', 55.00),
(152, '2025-10-16', '20:05:00', 540.00),
(153, '2025-10-16', '21:48:00', 9.00),
(154, '2025-10-17', '19:20:00', 315.00),
(155, '2025-10-17', '20:38:00', 580.00),
(156, '2025-10-17', '22:49:00', 108.00),
(157, '2025-10-17', '21:40:00', 501.00),
(158, '2025-10-17', '23:19:00', 25.00),
(159, '2025-10-17', '23:14:00', 115.00),
(160, '2025-10-18', '20:36:00', 100.00),
(161, '2025-10-18', '23:58:00', 245.00),
(162, '2025-10-18', '20:45:00', 195.00),
(163, '2025-10-19', '23:27:00', 181.00),
(164, '2025-10-19', '21:19:00', 3.00),
(165, '2025-10-19', '20:23:00', 150.00),
(166, '2025-10-20', '22:05:00', 113.00),
(167, '2025-10-20', '23:44:00', 204.00),
(168, '2025-10-20', '23:34:00', 115.00),
(169, '2025-10-20', '19:38:00', 158.00),
(170, '2025-10-21', '20:46:00', 3.00),
(171, '2025-10-21', '21:42:00', 174.00),
(172, '2025-10-21', '20:56:00', 255.00),
(173, '2025-10-21', '19:56:00', 183.00),
(174, '2025-10-22', '23:17:00', 160.00),
(175, '2025-10-22', '19:50:00', 680.00),
(176, '2025-10-22', '22:32:00', 275.00),
(177, '2025-10-23', '22:34:00', 260.00),
(178, '2025-10-23', '21:28:00', 149.00),
(179, '2025-10-23', '23:22:00', 90.00),
(180, '2025-10-23', '23:20:00', 305.00),
(181, '2025-10-23', '19:27:00', 25.00),
(182, '2025-10-24', '21:14:00', 290.00),
(183, '2025-10-24', '20:44:00', 40.00),
(184, '2025-10-24', '20:31:00', 145.00),
(185, '2025-10-24', '23:04:00', 395.00),
(186, '2025-10-24', '20:00:00', 60.00),
(187, '2025-10-24', '19:09:00', 125.00),
(188, '2025-10-25', '23:04:00', 190.00),
(189, '2025-10-25', '19:19:00', 190.00),
(190, '2025-10-25', '20:39:00', 342.00),
(191, '2025-10-25', '22:16:00', 49.00),
(192, '2025-10-25', '20:43:00', 9.00),
(193, '2025-10-26', '19:34:00', 359.00),
(194, '2025-10-26', '19:13:00', 20.00),
(195, '2025-10-26', '19:44:00', 200.00),
(196, '2025-10-26', '21:19:00', 135.00),
(197, '2025-10-26', '20:22:00', 140.00),
(198, '2025-10-27', '21:06:00', 69.00),
(199, '2025-10-27', '22:18:00', 326.00),
(200, '2025-10-27', '19:28:00', 235.00),
(201, '2025-10-27', '20:59:00', 255.00),
(202, '2025-10-28', '20:51:00', 50.00),
(203, '2025-10-28', '22:02:00', 110.00),
(204, '2025-10-28', '22:10:00', 113.00),
(205, '2025-10-28', '19:23:00', 9.00),
(206, '2025-10-29', '19:54:00', 75.00),
(207, '2025-10-29', '19:39:00', 230.00),
(208, '2025-10-29', '22:28:00', 505.00),
(209, '2025-10-29', '19:53:00', 78.00),
(210, '2025-10-29', '22:22:00', 25.00),
(211, '2025-10-29', '23:50:00', 130.00),
(212, '2025-10-30', '22:29:00', 350.00),
(213, '2025-10-30', '21:01:00', 355.00),
(214, '2025-10-30', '22:16:00', 345.00),
(215, '2025-10-30', '19:58:00', 225.00),
(216, '2025-10-31', '23:52:00', 500.00),
(217, '2025-10-31', '20:48:00', 200.00),
(218, '2025-10-31', '21:06:00', 150.00),
(219, '2025-11-01', '22:27:00', 345.00),
(220, '2025-11-01', '20:34:00', 276.00),
(221, '2025-11-01', '23:31:00', 336.00),
(222, '2025-11-01', '19:38:00', 180.00),
(223, '2025-11-01', '20:24:00', 273.00),
(224, '2025-11-01', '21:36:00', 120.00),
(225, '2025-11-02', '22:51:00', 205.00),
(226, '2025-11-02', '22:54:00', 360.00),
(227, '2025-11-02', '19:40:00', 380.00),
(228, '2025-11-03', '20:20:00', 89.00),
(229, '2025-11-03', '20:05:00', 375.00),
(230, '2025-11-03', '21:39:00', 75.00),
(231, '2025-11-03', '22:10:00', 153.00),
(232, '2025-11-03', '21:23:00', 230.00),
(233, '2025-11-04', '19:42:00', 109.00),
(234, '2025-11-04', '19:01:00', 180.00),
(235, '2025-11-04', '21:10:00', 55.00),
(236, '2025-11-04', '19:54:00', 20.00),
(237, '2025-11-04', '22:27:00', 175.00),
(238, '2025-11-05', '22:00:00', 420.00),
(239, '2025-11-05', '22:39:00', 105.00),
(240, '2025-11-05', '22:50:00', 90.00),
(241, '2025-11-05', '22:28:00', 113.00),
(242, '2025-11-05', '21:29:00', 115.00),
(243, '2025-11-05', '21:49:00', 275.00),
(244, '2025-11-06', '23:20:00', 75.00),
(245, '2025-11-06', '20:50:00', 20.00),
(246, '2025-11-06', '20:23:00', 88.00),
(247, '2025-11-06', '23:23:00', 110.00),
(248, '2025-11-06', '23:26:00', 380.00),
(249, '2025-11-07', '21:16:00', 134.00),
(250, '2025-11-07', '22:20:00', 390.00),
(251, '2025-11-07', '21:05:00', 208.00),
(252, '2025-11-07', '20:58:00', 225.00),
(253, '2025-11-07', '20:54:00', 85.00),
(254, '2025-11-07', '22:03:00', 420.00),
(255, '2025-11-08', '22:46:00', 305.00),
(256, '2025-11-08', '19:33:00', 260.00),
(257, '2025-11-08', '21:27:00', 280.00),
(258, '2025-11-09', '22:01:00', 320.00),
(259, '2025-11-09', '23:12:00', 335.00),
(260, '2025-11-09', '21:33:00', 60.00),
(261, '2025-11-09', '22:01:00', 80.00),
(262, '2025-11-09', '19:54:00', 273.00),
(263, '2025-11-09', '23:34:00', 320.00),
(264, '2025-11-10', '23:12:00', 385.00),
(265, '2025-11-10', '22:12:00', 279.00),
(266, '2025-11-10', '20:55:00', 9.00),
(267, '2025-11-10', '19:13:00', 150.00),
(268, '2025-11-10', '20:18:00', 40.00),
(269, '2025-11-10', '23:10:00', 9.00),
(270, '2025-11-11', '19:19:00', 74.00),
(271, '2025-11-11', '22:08:00', 129.00),
(272, '2025-11-11', '21:03:00', 480.00),
(273, '2025-11-11', '22:54:00', 28.00),
(274, '2025-11-11', '21:48:00', 180.00),
(275, '2025-11-12', '22:40:00', 180.00),
(276, '2025-11-12', '20:58:00', 225.00),
(277, '2025-11-12', '22:31:00', 75.00),
(278, '2025-11-12', '19:29:00', 60.00),
(279, '2025-11-13', '21:09:00', 159.00),
(280, '2025-11-13', '23:53:00', 273.00),
(281, '2025-11-13', '20:53:00', 430.00),
(282, '2025-11-14', '19:07:00', 60.00),
(283, '2025-11-14', '20:19:00', 415.00),
(284, '2025-11-14', '21:18:00', 415.00),
(285, '2025-11-14', '23:33:00', 400.00),
(286, '2025-11-15', '20:58:00', 179.00),
(287, '2025-11-15', '19:58:00', 50.00),
(288, '2025-11-15', '19:10:00', 59.00),
(289, '2025-11-16', '21:31:00', 25.00),
(290, '2025-11-16', '21:44:00', 155.00),
(291, '2025-11-16', '23:35:00', 55.00),
(292, '2025-11-16', '20:05:00', 258.00),
(293, '2025-11-16', '19:05:00', 265.00),
(294, '2025-11-16', '23:59:00', 180.00),
(295, '2025-11-17', '20:46:00', 9.00),
(296, '2025-11-17', '19:50:00', 20.00),
(297, '2025-11-17', '23:19:00', 386.00),
(298, '2025-11-17', '22:25:00', 90.00),
(299, '2025-11-18', '22:51:00', 139.00),
(300, '2025-11-18', '23:38:00', 260.00),
(301, '2025-11-18', '23:07:00', 273.00),
(302, '2025-11-18', '21:58:00', 380.00),
(303, '2025-11-19', '22:04:00', 120.00),
(304, '2025-11-19', '19:41:00', 168.00),
(305, '2025-11-19', '20:55:00', 430.00),
(306, '2025-11-19', '23:14:00', 369.00),
(307, '2025-11-19', '21:51:00', 60.00),
(308, '2025-11-19', '20:01:00', 239.00),
(309, '2025-11-20', '19:02:00', 75.00),
(310, '2025-11-20', '22:51:00', 40.00),
(311, '2025-11-20', '21:37:00', 190.00),
(312, '2025-11-20', '19:30:00', 232.00),
(313, '2025-11-20', '19:26:00', 330.00),
(314, '2025-11-20', '19:13:00', 220.00),
(315, '2025-11-21', '22:25:00', 115.00),
(316, '2025-11-21', '23:58:00', 380.00),
(317, '2025-11-21', '23:04:00', 60.00),
(318, '2025-11-22', '20:33:00', 65.00),
(319, '2025-11-22', '19:01:00', 270.00),
(320, '2025-11-22', '19:19:00', 190.00),
(321, '2025-11-23', '21:41:00', 25.00),
(322, '2025-11-23', '19:45:00', 185.00),
(323, '2025-11-23', '22:23:00', 230.00),
(324, '2025-11-24', '21:20:00', 429.00),
(325, '2025-11-24', '22:23:00', 165.00),
(326, '2025-11-24', '22:08:00', 220.00),
(327, '2025-11-25', '19:51:00', 6.00),
(328, '2025-11-25', '20:20:00', 370.00),
(329, '2025-11-25', '20:24:00', 290.00),
(330, '2025-11-26', '19:20:00', 6.00),
(331, '2025-11-26', '20:46:00', 140.00),
(332, '2025-11-26', '23:57:00', 9.00),
(333, '2025-11-26', '21:16:00', 9.00),
(334, '2025-11-26', '22:18:00', 383.00),
(335, '2025-11-26', '21:03:00', 180.00),
(336, '2025-11-27', '21:29:00', 380.00),
(337, '2025-11-27', '23:26:00', 485.00),
(338, '2025-11-27', '19:26:00', 435.00),
(339, '2025-11-27', '23:23:00', 25.00),
(340, '2025-11-28', '21:49:00', 465.00),
(341, '2025-11-28', '22:03:00', 370.00),
(342, '2025-11-28', '23:13:00', 110.00),
(343, '2025-11-29', '23:40:00', 180.00),
(344, '2025-11-29', '21:01:00', 325.00),
(345, '2025-11-29', '22:49:00', 40.00),
(346, '2025-11-29', '23:27:00', 150.00),
(347, '2025-11-29', '19:35:00', 190.00),
(348, '2025-11-29', '19:45:00', 214.00),
(349, '2025-11-30', '20:51:00', 180.00),
(350, '2025-11-30', '19:33:00', 330.00),
(351, '2025-11-30', '23:01:00', 205.00),
(352, '2025-12-01', '23:32:00', 75.00),
(353, '2025-12-01', '21:26:00', 120.00),
(354, '2025-12-01', '23:27:00', 180.00),
(355, '2025-12-01', '19:25:00', 165.00),
(356, '2025-12-01', '21:44:00', 55.00),
(357, '2025-12-02', '19:14:00', 75.00),
(358, '2025-12-02', '23:53:00', 20.00),
(359, '2025-12-02', '22:45:00', 440.00),
(360, '2025-12-02', '19:24:00', 186.00),
(361, '2025-12-02', '20:30:00', 194.00),
(362, '2025-12-02', '19:30:00', 280.00),
(363, '2025-12-03', '19:44:00', 255.00),
(364, '2025-12-03', '21:20:00', 75.00),
(365, '2025-12-03', '23:23:00', 380.00),
(366, '2025-12-04', '19:48:00', 60.00),
(367, '2025-12-04', '20:43:00', 235.00),
(368, '2025-12-04', '21:29:00', 270.00),
(369, '2025-12-04', '22:34:00', 514.00),
(370, '2025-12-04', '19:02:00', 270.00),
(371, '2025-12-05', '20:58:00', 185.00),
(372, '2025-12-05', '19:52:00', 459.00),
(373, '2025-12-05', '22:50:00', 110.00),
(374, '2025-12-05', '20:10:00', 370.00),
(375, '2025-12-06', '22:13:00', 189.00),
(376, '2025-12-06', '21:12:00', 303.00),
(377, '2025-12-06', '23:34:00', 50.00),
(378, '2025-12-06', '20:26:00', 220.00),
(379, '2025-12-06', '23:04:00', 345.00),
(380, '2025-12-07', '20:10:00', 110.00),
(381, '2025-12-07', '20:50:00', 62.00),
(382, '2025-12-07', '20:07:00', 75.00),
(383, '2025-12-07', '21:39:00', 180.00),
(384, '2025-12-07', '22:16:00', 270.00),
(385, '2025-12-07', '22:08:00', 645.00),
(386, '2025-12-08', '21:22:00', 28.00),
(387, '2025-12-08', '20:41:00', 135.00),
(388, '2025-12-08', '22:10:00', 236.00),
(389, '2025-12-08', '21:12:00', 25.00),
(390, '2025-12-08', '19:00:00', 87.00),
(391, '2025-12-09', '21:01:00', 345.00),
(392, '2025-12-09', '20:00:00', 69.00),
(393, '2025-12-09', '19:04:00', 225.00),
(394, '2025-12-09', '20:22:00', 40.00),
(395, '2025-12-09', '20:08:00', 510.00),
(396, '2025-12-09', '23:56:00', 120.00),
(397, '2025-12-10', '20:38:00', 380.00),
(398, '2025-12-10', '23:51:00', 90.00),
(399, '2025-12-10', '19:55:00', 84.00),
(400, '2025-12-10', '19:18:00', 465.00),
(401, '2025-12-10', '23:44:00', 9.00),
(402, '2025-12-11', '22:22:00', 25.00),
(403, '2025-12-11', '23:25:00', 90.00),
(404, '2025-12-11', '21:59:00', 180.00),
(405, '2025-12-11', '22:39:00', 165.00),
(406, '2025-12-11', '23:56:00', 28.00),
(407, '2025-12-12', '23:05:00', 100.00),
(408, '2025-12-12', '23:54:00', 103.00),
(409, '2025-12-12', '21:36:00', 20.00),
(410, '2025-12-12', '23:30:00', 114.00),
(411, '2025-12-13', '23:31:00', 120.00),
(412, '2025-12-13', '21:25:00', 153.00),
(413, '2025-12-13', '22:42:00', 118.00),
(414, '2025-12-13', '23:59:00', 209.00),
(415, '2025-12-13', '19:31:00', 165.00),
(416, '2025-12-14', '19:04:00', 135.00),
(417, '2025-12-14', '19:25:00', 180.00),
(418, '2025-12-14', '23:31:00', 295.00),
(419, '2025-12-14', '19:33:00', 530.00),
(420, '2025-12-14', '21:02:00', 513.00),
(421, '2025-12-14', '20:30:00', 414.00),
(422, '2025-12-15', '21:13:00', 365.00),
(423, '2025-12-15', '22:27:00', 25.00),
(424, '2025-12-15', '19:45:00', 95.00),
(425, '2025-12-15', '21:54:00', 219.00),
(426, '2025-12-15', '22:09:00', 40.00),
(427, '2025-12-15', '23:13:00', 34.00),
(428, '2025-12-16', '21:47:00', 560.00),
(429, '2025-12-16', '21:29:00', 345.00),
(430, '2025-12-16', '20:12:00', 169.00),
(431, '2025-12-16', '20:57:00', 201.00),
(432, '2025-12-16', '23:23:00', 148.00),
(433, '2025-12-17', '19:38:00', 540.00),
(434, '2025-12-17', '20:43:00', 369.00),
(435, '2025-12-17', '21:16:00', 96.00),
(436, '2025-12-18', '19:26:00', 3.00),
(437, '2025-12-18', '21:42:00', 321.00),
(438, '2025-12-18', '21:31:00', 75.00),
(439, '2025-12-18', '21:05:00', 326.00),
(440, '2025-12-18', '21:59:00', 378.00);

--
-- Índices para tablas volcadas
--

--
-- Indices de la tabla `detalle_venta`
--
ALTER TABLE `detalle_venta`
  ADD PRIMARY KEY (`id_detalle`),
  ADD KEY `id_venta` (`id_venta`),
  ADD KEY `id_producto` (`id_menu`);

--
-- Indices de la tabla `ingredientes`
--
ALTER TABLE `ingredientes`
  ADD PRIMARY KEY (`id_producto`),
  ADD KEY `id_proveedor` (`id_proveedor`);

--
-- Indices de la tabla `productos`
--
ALTER TABLE `productos`
  ADD PRIMARY KEY (`id_menu`);

--
-- Indices de la tabla `proveedores`
--
ALTER TABLE `proveedores`
  ADD PRIMARY KEY (`id_proveedor`);

--
-- Indices de la tabla `usuarios`
--
ALTER TABLE `usuarios`
  ADD PRIMARY KEY (`id_usuario`),
  ADD UNIQUE KEY `correo` (`correo`);

--
-- Indices de la tabla `ventas`
--
ALTER TABLE `ventas`
  ADD PRIMARY KEY (`id_venta`);

--
-- AUTO_INCREMENT de las tablas volcadas
--

--
-- AUTO_INCREMENT de la tabla `detalle_venta`
--
ALTER TABLE `detalle_venta`
  MODIFY `id_detalle` int(6) NOT NULL AUTO_INCREMENT, AUTO_INCREMENT=1082;

--
-- AUTO_INCREMENT de la tabla `ingredientes`
--
ALTER TABLE `ingredientes`
  MODIFY `id_producto` int(5) NOT NULL AUTO_INCREMENT, AUTO_INCREMENT=16;

--
-- AUTO_INCREMENT de la tabla `productos`
--
ALTER TABLE `productos`
  MODIFY `id_menu` int(5) NOT NULL AUTO_INCREMENT, AUTO_INCREMENT=8;

--
-- AUTO_INCREMENT de la tabla `proveedores`
--
ALTER TABLE `proveedores`
  MODIFY `id_proveedor` int(5) NOT NULL AUTO_INCREMENT, AUTO_INCREMENT=9;

--
-- AUTO_INCREMENT de la tabla `usuarios`
--
ALTER TABLE `usuarios`
  MODIFY `id_usuario` int(2) NOT NULL AUTO_INCREMENT, AUTO_INCREMENT=11;

--
-- AUTO_INCREMENT de la tabla `ventas`
--
ALTER TABLE `ventas`
  MODIFY `id_venta` int(5) NOT NULL AUTO_INCREMENT, AUTO_INCREMENT=441;

--
-- Restricciones para tablas volcadas
--

--
-- Filtros para la tabla `detalle_venta`
--
ALTER TABLE `detalle_venta`
  ADD CONSTRAINT `detalle_venta_ibfk_1` FOREIGN KEY (`id_venta`) REFERENCES `ventas` (`id_venta`),
  ADD CONSTRAINT `detalle_venta_ibfk_2` FOREIGN KEY (`id_menu`) REFERENCES `productos` (`id_menu`);

--
-- Filtros para la tabla `ingredientes`
--
ALTER TABLE `ingredientes`
  ADD CONSTRAINT `ingredientes_ibfk_1` FOREIGN KEY (`id_proveedor`) REFERENCES `proveedores` (`id_proveedor`);
COMMIT;

/*!40101 SET CHARACTER_SET_CLIENT=@OLD_CHARACTER_SET_CLIENT */;
/*!40101 SET CHARACTER_SET_RESULTS=@OLD_CHARACTER_SET_RESULTS */;
/*!40101 SET COLLATION_CONNECTION=@OLD_COLLATION_CONNECTION */;
